1, Senior Services Program Specialist 2  K, 38.332417, -81.56593
2, Network Admininstrator, 32.774727, -79.92857
3, Software Development Engineer Financial Engineering, 41.8489, -87.64835
4, Sr Software Engineer Android Development Job, 42.217033, -87.96154
5, Customer Service AssociateSeasonal  Winchester KY, 37.98901, -84.17583
6, Benchmarking and Performance Engineer, 37.453297, -122.18132
7, Senior Project Manager, 44.912086, -93.5
8, Experienced IT Support Center Manager, 32.21978, -110.92308
9, Net DeveloperArchitect, 38.802197, -77.04395
10, IT Technician, 34.087914, -118.35714
11, Principal Software Developer, 43.074177, -70.75824
12, IT Help Desk Coordinator, 41.917583, -88.14286
13, CSA, 41.8489, -87.64835
14, Customer Service Rep  Pecos TX, 31.373627, -103.52198
15, Programmer Analyst 12, 38.626373, -90.1978
16, Software Developer, 30.266483, -97.74176
17, CSA, 44.464287, -73.17033
18, CSA, 43.65934, -70.25275
19, PATIENT SERVICE REP 36733, 42.527473, -92.44505
20, Cnet Developer  GROUND FLOOR  NEW 313, 34.8489, -82.4011
21, Program Coordinator I, 45.67857, -111.03846
22, Computer Res Associate, 37.423077, -122.16483
23, IT Information Systems Technician, 43.612637, -116.2033
24, Net Developer, 42.557693, -89.08242
25, Houston TX Jobs HO114, 29.760988, -95.36264
1, Web Analytics Internship, 34.104397, -117.8022
2, AnalystIT, 35.472527, -82.51649
3, IT Healthcare Operations Analyst, 42.252747, -71.0
4, FasTracks Public Information, 39.73901, -104.98351
5, Outreach Coordinator  Nashville TN, 36.164837, -86.78022
6, Software Engineer YouTube Entry Level, 37.62912, -122.40659
7, Software Developer Job, 33.447803, -112.07143
8, Analyst IT, 30.065933, -90.47802
9, Game Developer Lead, 43.087914, -77.51099
10, CASALHU14009 NET Developer  Redstone Arsenal AL, 34.728024, -86.58242
12, Product Owner  Development Center, 43.07143, -89.4011
13, Software Engineer, 47.56868, -122.21978
14, Software Engineer, 39.766483, -86.15385
15, Software Developer IT  Software, 38.252747, -85.75824
16, Software Developer IT  Software, 39.766483, -86.15385
17, IT LIAISONIL13 Appointed  TAX COMMISSIONERS OFFICE, 33.956043, -83.98351
18, PROGRAMMER, 36.173077, -115.13187
19, New Graduate IT Software Engineer Applications Development F, 39.758244, -84.18681
20, Software Engineer, 39.70879, -84.06044
21, Lead Solution Analyst, 42.706043, -84.41758
22, IT Production Control Analyst, 41.23901, -81.43956
23, QA Automation Engineer, 44.04945, -123.08242
24, Junior Motivated Developer, 40.71154, -74.00549
25, Sr Supply Chain Proj Analyst, 45.104397, -93.2033
1, Web Analytics Internship, 34.104397, -117.8022
2, AnalystIT, 35.472527, -82.51649
3, IT Healthcare Operations Analyst, 42.252747, -71.0
4, FasTracks Public Information, 39.73901, -104.98351
5, Outreach Coordinator  Nashville TN, 36.164837, -86.78022
6, Software Engineer YouTube Entry Level, 37.62912, -122.40659
7, Software Developer Job, 33.447803, -112.07143
8, Analyst IT, 30.065933, -90.47802
9, Game Developer Lead, 43.087914, -77.51099
10, CASALHU14009 NET Developer  Redstone Arsenal AL, 34.728024, -86.58242
12, Product Owner  Development Center, 43.07143, -89.4011
13, Software Engineer, 47.56868, -122.21978
14, Software Engineer, 39.766483, -86.15385
15, Software Developer IT  Software, 38.252747, -85.75824
16, Software Developer IT  Software, 39.766483, -86.15385
17, IT LIAISONIL13 Appointed  TAX COMMISSIONERS OFFICE, 33.956043, -83.98351
18, PROGRAMMER, 36.173077, -115.13187
19, New Graduate IT Software Engineer Applications Development F, 39.758244, -84.18681
20, Software Engineer, 39.70879, -84.06044
21, Lead Solution Analyst, 42.706043, -84.41758
22, IT Production Control Analyst, 41.23901, -81.43956
23, QA Automation Engineer, 44.04945, -123.08242
24, Junior Motivated Developer, 40.71154, -74.00549
25, Sr Supply Chain Proj Analyst, 45.104397, -93.2033
1, Web Analytics Internship, 34.104397, -117.8022
2, AnalystIT, 35.472527, -82.51649
3, IT Healthcare Operations Analyst, 42.252747, -71.0
4, FasTracks Public Information, 39.73901, -104.98351
5, Outreach Coordinator  Nashville TN, 36.164837, -86.78022
6, Software Engineer YouTube Entry Level, 37.62912, -122.40659
7, Software Developer Job, 33.447803, -112.07143
8, Analyst IT, 30.065933, -90.47802
9, Game Developer Lead, 43.087914, -77.51099
10, CASALHU14009 NET Developer  Redstone Arsenal AL, 34.728024, -86.58242
12, Product Owner  Development Center, 43.07143, -89.4011
13, Software Engineer, 47.56868, -122.21978
14, Software Engineer, 39.766483, -86.15385
15, Software Developer IT  Software, 38.252747, -85.75824
16, Software Developer IT  Software, 39.766483, -86.15385
17, IT LIAISONIL13 Appointed  TAX COMMISSIONERS OFFICE, 33.956043, -83.98351
18, PROGRAMMER, 36.173077, -115.13187
19, New Graduate IT Software Engineer Applications Development F, 39.758244, -84.18681
20, Software Engineer, 39.70879, -84.06044
21, Lead Solution Analyst, 42.706043, -84.41758
22, IT Production Control Analyst, 41.23901, -81.43956
23, QA Automation Engineer, 44.04945, -123.08242
24, Junior Motivated Developer, 40.71154, -74.00549
25, Sr Supply Chain Proj Analyst, 45.104397, -93.2033
1, Web Analytics Internship, 34.104397, -117.8022
2, AnalystIT, 35.472527, -82.51649
3, IT Healthcare Operations Analyst, 42.252747, -71.0
4, FasTracks Public Information, 39.73901, -104.98351
5, Outreach Coordinator  Nashville TN, 36.164837, -86.78022
6, Software Engineer YouTube Entry Level, 37.62912, -122.40659
7, Software Developer Job, 33.447803, -112.07143
8, Analyst IT, 30.065933, -90.47802
9, Game Developer Lead, 43.087914, -77.51099
10, CASALHU14009 NET Developer  Redstone Arsenal AL, 34.728024, -86.58242
12, Product Owner  Development Center, 43.07143, -89.4011
13, Software Engineer, 47.56868, -122.21978
14, Software Engineer, 39.766483, -86.15385
15, Software Developer IT  Software, 38.252747, -85.75824
16, Software Developer IT  Software, 39.766483, -86.15385
17, IT LIAISONIL13 Appointed  TAX COMMISSIONERS OFFICE, 33.956043, -83.98351
18, PROGRAMMER, 36.173077, -115.13187
19, New Graduate IT Software Engineer Applications Development F, 39.758244, -84.18681
20, Software Engineer, 39.70879, -84.06044
21, Lead Solution Analyst, 42.706043, -84.41758
22, IT Production Control Analyst, 41.23901, -81.43956
23, QA Automation Engineer, 44.04945, -123.08242
24, Junior Motivated Developer, 40.71154, -74.00549
25, Sr Supply Chain Proj Analyst, 45.104397, -93.2033
1, Web Analytics Internship, 34.104397, -117.8022
2, AnalystIT, 35.472527, -82.51649
3, IT Healthcare Operations Analyst, 42.252747, -71.0
4, FasTracks Public Information, 39.73901, -104.98351
5, Outreach Coordinator  Nashville TN, 36.164837, -86.78022
6, Software Engineer YouTube Entry Level, 37.62912, -122.40659
7, Software Developer Job, 33.447803, -112.07143
8, Analyst IT, 30.065933, -90.47802
9, Game Developer Lead, 43.087914, -77.51099
10, CASALHU14009 NET Developer  Redstone Arsenal AL, 34.728024, -86.58242
12, Product Owner  Development Center, 43.07143, -89.4011
13, Software Engineer, 47.56868, -122.21978
14, Software Engineer, 39.766483, -86.15385
15, Software Developer IT  Software, 38.252747, -85.75824
16, Software Developer IT  Software, 39.766483, -86.15385
17, IT LIAISONIL13 Appointed  TAX COMMISSIONERS OFFICE, 33.956043, -83.98351
18, PROGRAMMER, 36.173077, -115.13187
19, New Graduate IT Software Engineer Applications Development F, 39.758244, -84.18681
20, Software Engineer, 39.70879, -84.06044
21, Lead Solution Analyst, 42.706043, -84.41758
22, IT Production Control Analyst, 41.23901, -81.43956
23, QA Automation Engineer, 44.04945, -123.08242
24, Junior Motivated Developer, 40.71154, -74.00549
25, Sr Supply Chain Proj Analyst, 45.104397, -93.2033
1, Web Analytics Internship, 34.104397, -117.8022
2, AnalystIT, 35.472527, -82.51649
3, IT Healthcare Operations Analyst, 42.252747, -71.0
4, FasTracks Public Information, 39.73901, -104.98351
5, Outreach Coordinator  Nashville TN, 36.164837, -86.78022
6, Software Engineer YouTube Entry Level, 37.62912, -122.40659
7, Software Developer Job, 33.447803, -112.07143
8, Analyst IT, 30.065933, -90.47802
9, Game Developer Lead, 43.087914, -77.51099
10, CASALHU14009 NET Developer  Redstone Arsenal AL, 34.728024, -86.58242
12, Product Owner  Development Center, 43.07143, -89.4011
13, Software Engineer, 47.56868, -122.21978
14, Software Engineer, 39.766483, -86.15385
15, Software Developer IT  Software, 38.252747, -85.75824
16, Software Developer IT  Software, 39.766483, -86.15385
17, IT LIAISONIL13 Appointed  TAX COMMISSIONERS OFFICE, 33.956043, -83.98351
18, PROGRAMMER, 36.173077, -115.13187
19, New Graduate IT Software Engineer Applications Development F, 39.758244, -84.18681
20, Software Engineer, 39.70879, -84.06044
21, Lead Solution Analyst, 42.706043, -84.41758
22, IT Production Control Analyst, 41.23901, -81.43956
23, QA Automation Engineer, 44.04945, -123.08242
24, Junior Motivated Developer, 40.71154, -74.00549
25, Sr Supply Chain Proj Analyst, 45.104397, -93.2033
1, Web Analytics Internship, 34.104397, -117.8022
2, AnalystIT, 35.472527, -82.51649
3, IT Healthcare Operations Analyst, 42.252747, -71.0
4, FasTracks Public Information, 39.73901, -104.98351
5, Outreach Coordinator  Nashville TN, 36.164837, -86.78022
6, Software Engineer YouTube Entry Level, 37.62912, -122.40659
7, Software Developer Job, 33.447803, -112.07143
8, Analyst IT, 30.065933, -90.47802
9, Game Developer Lead, 43.087914, -77.51099
10, CASALHU14009 NET Developer  Redstone Arsenal AL, 34.728024, -86.58242
12, Product Owner  Development Center, 43.07143, -89.4011
13, Software Engineer, 47.56868, -122.21978
14, Software Engineer, 39.766483, -86.15385
15, Software Developer IT  Software, 38.252747, -85.75824
16, Software Developer IT  Software, 39.766483, -86.15385
17, IT LIAISONIL13 Appointed  TAX COMMISSIONERS OFFICE, 33.956043, -83.98351
18, PROGRAMMER, 36.173077, -115.13187
19, New Graduate IT Software Engineer Applications Development F, 39.758244, -84.18681
20, Software Engineer, 39.70879, -84.06044
21, Lead Solution Analyst, 42.706043, -84.41758
22, IT Production Control Analyst, 41.23901, -81.43956
23, QA Automation Engineer, 44.04945, -123.08242
24, Junior Motivated Developer, 40.71154, -74.00549
25, Sr Supply Chain Proj Analyst, 45.104397, -93.2033
1, Web Analytics Internship, 34.104397, -117.8022
2, AnalystIT, 35.472527, -82.51649
3, IT Healthcare Operations Analyst, 42.252747, -71.0
4, FasTracks Public Information, 39.73901, -104.98351
5, Outreach Coordinator  Nashville TN, 36.164837, -86.78022
6, Software Engineer YouTube Entry Level, 37.62912, -122.40659
7, Software Developer Job, 33.447803, -112.07143
8, Analyst IT, 30.065933, -90.47802
9, Game Developer Lead, 43.087914, -77.51099
10, CASALHU14009 NET Developer  Redstone Arsenal AL, 34.728024, -86.58242
12, Product Owner  Development Center, 43.07143, -89.4011
13, Software Engineer, 47.56868, -122.21978
14, Software Engineer, 39.766483, -86.15385
15, Software Developer IT  Software, 38.252747, -85.75824
16, Software Developer IT  Software, 39.766483, -86.15385
17, IT LIAISONIL13 Appointed  TAX COMMISSIONERS OFFICE, 33.956043, -83.98351
18, PROGRAMMER, 36.173077, -115.13187
19, New Graduate IT Software Engineer Applications Development F, 39.758244, -84.18681
20, Software Engineer, 39.70879, -84.06044
21, Lead Solution Analyst, 42.706043, -84.41758
22, IT Production Control Analyst, 41.23901, -81.43956
23, QA Automation Engineer, 44.04945, -123.08242
24, Junior Motivated Developer, 40.71154, -74.00549
25, Sr Supply Chain Proj Analyst, 45.104397, -93.2033
1, Web Analytics Internship, 34.104397, -117.8022
2, AnalystIT, 35.472527, -82.51649
3, IT Healthcare Operations Analyst, 42.252747, -71.0
4, FasTracks Public Information, 39.73901, -104.98351
5, Outreach Coordinator  Nashville TN, 36.164837, -86.78022
6, Software Engineer YouTube Entry Level, 37.62912, -122.40659
7, Software Developer Job, 33.447803, -112.07143
8, Analyst IT, 30.065933, -90.47802
9, Game Developer Lead, 43.087914, -77.51099
10, CASALHU14009 NET Developer  Redstone Arsenal AL, 34.728024, -86.58242
12, Product Owner  Development Center, 43.07143, -89.4011
13, Software Engineer, 47.56868, -122.21978
14, Software Engineer, 39.766483, -86.15385
15, Software Developer IT  Software, 38.252747, -85.75824
16, Software Developer IT  Software, 39.766483, -86.15385
17, IT LIAISONIL13 Appointed  TAX COMMISSIONERS OFFICE, 33.956043, -83.98351
18, PROGRAMMER, 36.173077, -115.13187
19, New Graduate IT Software Engineer Applications Development F, 39.758244, -84.18681
20, Software Engineer, 39.70879, -84.06044
21, Lead Solution Analyst, 42.706043, -84.41758
22, IT Production Control Analyst, 41.23901, -81.43956
23, QA Automation Engineer, 44.04945, -123.08242
24, Junior Motivated Developer, 40.71154, -74.00549
25, Sr Supply Chain Proj Analyst, 45.104397, -93.2033
1, Web Analytics Internship, 34.104397, -117.8022
2, AnalystIT, 35.472527, -82.51649
3, IT Healthcare Operations Analyst, 42.252747, -71.0
4, FasTracks Public Information, 39.73901, -104.98351
5, Outreach Coordinator  Nashville TN, 36.164837, -86.78022
6, Software Engineer YouTube Entry Level, 37.62912, -122.40659
7, Software Developer Job, 33.447803, -112.07143
8, Analyst IT, 30.065933, -90.47802
9, Game Developer Lead, 43.087914, -77.51099
10, CASALHU14009 NET Developer  Redstone Arsenal AL, 34.728024, -86.58242
12, Product Owner  Development Center, 43.07143, -89.4011
13, Software Engineer, 47.56868, -122.21978
14, Software Engineer, 39.766483, -86.15385
15, Software Developer IT  Software, 38.252747, -85.75824
16, Software Developer IT  Software, 39.766483, -86.15385
17, IT LIAISONIL13 Appointed  TAX COMMISSIONERS OFFICE, 33.956043, -83.98351
18, PROGRAMMER, 36.173077, -115.13187
19, New Graduate IT Software Engineer Applications Development F, 39.758244, -84.18681
20, Software Engineer, 39.70879, -84.06044
21, Lead Solution Analyst, 42.706043, -84.41758
22, IT Production Control Analyst, 41.23901, -81.43956
23, QA Automation Engineer, 44.04945, -123.08242
24, Junior Motivated Developer, 40.71154, -74.00549
25, Sr Supply Chain Proj Analyst, 45.104397, -93.2033
1, Web Analytics Internship, 34.104397, -117.8022
2, AnalystIT, 35.472527, -82.51649
3, IT Healthcare Operations Analyst, 42.252747, -71.0
4, FasTracks Public Information, 39.73901, -104.98351
5, Outreach Coordinator  Nashville TN, 36.164837, -86.78022
6, Software Engineer YouTube Entry Level, 37.62912, -122.40659
7, Software Developer Job, 33.447803, -112.07143
8, Analyst IT, 30.065933, -90.47802
9, Game Developer Lead, 43.087914, -77.51099
10, CASALHU14009 NET Developer  Redstone Arsenal AL, 34.728024, -86.58242
12, Product Owner  Development Center, 43.07143, -89.4011
13, Software Engineer, 47.56868, -122.21978
14, Software Engineer, 39.766483, -86.15385
15, Software Developer IT  Software, 38.252747, -85.75824
16, Software Developer IT  Software, 39.766483, -86.15385
17, IT LIAISONIL13 Appointed  TAX COMMISSIONERS OFFICE, 33.956043, -83.98351
18, PROGRAMMER, 36.173077, -115.13187
19, New Graduate IT Software Engineer Applications Development F, 39.758244, -84.18681
20, Software Engineer, 39.70879, -84.06044
21, Lead Solution Analyst, 42.706043, -84.41758
22, IT Production Control Analyst, 41.23901, -81.43956
23, QA Automation Engineer, 44.04945, -123.08242
24, Junior Motivated Developer, 40.71154, -74.00549
25, Sr Supply Chain Proj Analyst, 45.104397, -93.2033
1, Web Analytics Internship, 34.104397, -117.8022
2, AnalystIT, 35.472527, -82.51649
3, IT Healthcare Operations Analyst, 42.252747, -71.0
4, FasTracks Public Information, 39.73901, -104.98351
5, Outreach Coordinator  Nashville TN, 36.164837, -86.78022
6, Software Engineer YouTube Entry Level, 37.62912, -122.40659
7, Software Developer Job, 33.447803, -112.07143
8, Analyst IT, 30.065933, -90.47802
9, Game Developer Lead, 43.087914, -77.51099
10, CASALHU14009 NET Developer  Redstone Arsenal AL, 34.728024, -86.58242
12, Product Owner  Development Center, 43.07143, -89.4011
13, Software Engineer, 47.56868, -122.21978
14, Software Engineer, 39.766483, -86.15385
15, Software Developer IT  Software, 38.252747, -85.75824
16, Software Developer IT  Software, 39.766483, -86.15385
17, IT LIAISONIL13 Appointed  TAX COMMISSIONERS OFFICE, 33.956043, -83.98351
18, PROGRAMMER, 36.173077, -115.13187
19, New Graduate IT Software Engineer Applications Development F, 39.758244, -84.18681
20, Software Engineer, 39.70879, -84.06044
21, Lead Solution Analyst, 42.706043, -84.41758
22, IT Production Control Analyst, 41.23901, -81.43956
23, QA Automation Engineer, 44.04945, -123.08242
24, Junior Motivated Developer, 40.71154, -74.00549
25, Sr Supply Chain Proj Analyst, 45.104397, -93.2033
1, Web Analytics Internship, 34.104397, -117.8022
2, AnalystIT, 35.472527, -82.51649
3, IT Healthcare Operations Analyst, 42.252747, -71.0
4, FasTracks Public Information, 39.73901, -104.98351
5, Outreach Coordinator  Nashville TN, 36.164837, -86.78022
6, Software Engineer YouTube Entry Level, 37.62912, -122.40659
7, Software Developer Job, 33.447803, -112.07143
8, Analyst IT, 30.065933, -90.47802
9, Game Developer Lead, 43.087914, -77.51099
10, CASALHU14009 NET Developer  Redstone Arsenal AL, 34.728024, -86.58242
12, Product Owner  Development Center, 43.07143, -89.4011
13, Software Engineer, 47.56868, -122.21978
14, Software Engineer, 39.766483, -86.15385
15, Software Developer IT  Software, 38.252747, -85.75824
16, Software Developer IT  Software, 39.766483, -86.15385
17, IT LIAISONIL13 Appointed  TAX COMMISSIONERS OFFICE, 33.956043, -83.98351
18, PROGRAMMER, 36.173077, -115.13187
19, New Graduate IT Software Engineer Applications Development F, 39.758244, -84.18681
20, Software Engineer, 39.70879, -84.06044
21, Lead Solution Analyst, 42.706043, -84.41758
22, IT Production Control Analyst, 41.23901, -81.43956
23, QA Automation Engineer, 44.04945, -123.08242
24, Junior Motivated Developer, 40.71154, -74.00549
25, Sr Supply Chain Proj Analyst, 45.104397, -93.2033
1, Web Analytics Internship, 34.104397, -117.8022
2, AnalystIT, 35.472527, -82.51649
3, IT Healthcare Operations Analyst, 42.252747, -71.0
4, FasTracks Public Information, 39.73901, -104.98351
5, Outreach Coordinator  Nashville TN, 36.164837, -86.78022
6, Software Engineer YouTube Entry Level, 37.62912, -122.40659
7, Software Developer Job, 33.447803, -112.07143
8, Analyst IT, 30.065933, -90.47802
9, Game Developer Lead, 43.087914, -77.51099
10, CASALHU14009 NET Developer  Redstone Arsenal AL, 34.728024, -86.58242
12, Product Owner  Development Center, 43.07143, -89.4011
13, Software Engineer, 47.56868, -122.21978
14, Software Engineer, 39.766483, -86.15385
15, Software Developer IT  Software, 38.252747, -85.75824
16, Software Developer IT  Software, 39.766483, -86.15385
17, IT LIAISONIL13 Appointed  TAX COMMISSIONERS OFFICE, 33.956043, -83.98351
18, PROGRAMMER, 36.173077, -115.13187
19, New Graduate IT Software Engineer Applications Development F, 39.758244, -84.18681
20, Software Engineer, 39.70879, -84.06044
21, Lead Solution Analyst, 42.706043, -84.41758
22, IT Production Control Analyst, 41.23901, -81.43956
23, QA Automation Engineer, 44.04945, -123.08242
24, Junior Motivated Developer, 40.71154, -74.00549
25, Sr Supply Chain Proj Analyst, 45.104397, -93.2033
1, Web Analytics Internship, 34.104397, -117.8022
2, AnalystIT, 35.472527, -82.51649
3, IT Healthcare Operations Analyst, 42.252747, -71.0
4, FasTracks Public Information, 39.73901, -104.98351
5, Outreach Coordinator  Nashville TN, 36.164837, -86.78022
6, Software Engineer YouTube Entry Level, 37.62912, -122.40659
7, Software Developer Job, 33.447803, -112.07143
8, Analyst IT, 30.065933, -90.47802
9, Game Developer Lead, 43.087914, -77.51099
10, CASALHU14009 NET Developer  Redstone Arsenal AL, 34.728024, -86.58242
12, Product Owner  Development Center, 43.07143, -89.4011
13, Software Engineer, 47.56868, -122.21978
14, Software Engineer, 39.766483, -86.15385
15, Software Developer IT  Software, 38.252747, -85.75824
16, Software Developer IT  Software, 39.766483, -86.15385
17, IT LIAISONIL13 Appointed  TAX COMMISSIONERS OFFICE, 33.956043, -83.98351
18, PROGRAMMER, 36.173077, -115.13187
19, New Graduate IT Software Engineer Applications Development F, 39.758244, -84.18681
20, Software Engineer, 39.70879, -84.06044
21, Lead Solution Analyst, 42.706043, -84.41758
22, IT Production Control Analyst, 41.23901, -81.43956
23, QA Automation Engineer, 44.04945, -123.08242
24, Junior Motivated Developer, 40.71154, -74.00549
25, Sr Supply Chain Proj Analyst, 45.104397, -93.2033
1, Web Analytics Internship, 34.104397, -117.8022
2, AnalystIT, 35.472527, -82.51649
3, IT Healthcare Operations Analyst, 42.252747, -71.0
4, FasTracks Public Information, 39.73901, -104.98351
5, Outreach Coordinator  Nashville TN, 36.164837, -86.78022
6, Software Engineer YouTube Entry Level, 37.62912, -122.40659
7, Software Developer Job, 33.447803, -112.07143
8, Analyst IT, 30.065933, -90.47802
9, Game Developer Lead, 43.087914, -77.51099
10, CASALHU14009 NET Developer  Redstone Arsenal AL, 34.728024, -86.58242
12, Product Owner  Development Center, 43.07143, -89.4011
13, Software Engineer, 47.56868, -122.21978
14, Software Engineer, 39.766483, -86.15385
15, Software Developer IT  Software, 38.252747, -85.75824
16, Software Developer IT  Software, 39.766483, -86.15385
17, IT LIAISONIL13 Appointed  TAX COMMISSIONERS OFFICE, 33.956043, -83.98351
18, PROGRAMMER, 36.173077, -115.13187
19, New Graduate IT Software Engineer Applications Development F, 39.758244, -84.18681
20, Software Engineer, 39.70879, -84.06044
21, Lead Solution Analyst, 42.706043, -84.41758
22, IT Production Control Analyst, 41.23901, -81.43956
23, QA Automation Engineer, 44.04945, -123.08242
24, Junior Motivated Developer, 40.71154, -74.00549
25, Sr Supply Chain Proj Analyst, 45.104397, -93.2033
1, Web Analytics Internship, 34.104397, -117.8022
2, AnalystIT, 35.472527, -82.51649
3, IT Healthcare Operations Analyst, 42.252747, -71.0
4, FasTracks Public Information, 39.73901, -104.98351
5, Outreach Coordinator  Nashville TN, 36.164837, -86.78022
6, Software Engineer YouTube Entry Level, 37.62912, -122.40659
7, Software Developer Job, 33.447803, -112.07143
8, Analyst IT, 30.065933, -90.47802
9, Game Developer Lead, 43.087914, -77.51099
10, CASALHU14009 NET Developer  Redstone Arsenal AL, 34.728024, -86.58242
12, Product Owner  Development Center, 43.07143, -89.4011
13, Software Engineer, 47.56868, -122.21978
14, Software Engineer, 39.766483, -86.15385
15, Software Developer IT  Software, 38.252747, -85.75824
16, Software Developer IT  Software, 39.766483, -86.15385
17, IT LIAISONIL13 Appointed  TAX COMMISSIONERS OFFICE, 33.956043, -83.98351
18, PROGRAMMER, 36.173077, -115.13187
19, New Graduate IT Software Engineer Applications Development F, 39.758244, -84.18681
20, Software Engineer, 39.70879, -84.06044
21, Lead Solution Analyst, 42.706043, -84.41758
22, IT Production Control Analyst, 41.23901, -81.43956
23, QA Automation Engineer, 44.04945, -123.08242
24, Junior Motivated Developer, 40.71154, -74.00549
25, Sr Supply Chain Proj Analyst, 45.104397, -93.2033
1, Web Analytics Internship, 34.104397, -117.8022
2, AnalystIT, 35.472527, -82.51649
3, IT Healthcare Operations Analyst, 42.252747, -71.0
4, FasTracks Public Information, 39.73901, -104.98351
5, Outreach Coordinator  Nashville TN, 36.164837, -86.78022
6, Software Engineer YouTube Entry Level, 37.62912, -122.40659
7, Software Developer Job, 33.447803, -112.07143
8, Analyst IT, 30.065933, -90.47802
9, Game Developer Lead, 43.087914, -77.51099
10, CASALHU14009 NET Developer  Redstone Arsenal AL, 34.728024, -86.58242
12, Product Owner  Development Center, 43.07143, -89.4011
13, Software Engineer, 47.56868, -122.21978
14, Software Engineer, 39.766483, -86.15385
15, Software Developer IT  Software, 38.252747, -85.75824
16, Software Developer IT  Software, 39.766483, -86.15385
17, IT LIAISONIL13 Appointed  TAX COMMISSIONERS OFFICE, 33.956043, -83.98351
18, PROGRAMMER, 36.173077, -115.13187
19, New Graduate IT Software Engineer Applications Development F, 39.758244, -84.18681
20, Software Engineer, 39.70879, -84.06044
21, Lead Solution Analyst, 42.706043, -84.41758
22, IT Production Control Analyst, 41.23901, -81.43956
23, QA Automation Engineer, 44.04945, -123.08242
24, Junior Motivated Developer, 40.71154, -74.00549
25, Sr Supply Chain Proj Analyst, 45.104397, -93.2033
1, Web Analytics Internship, 34.104397, -117.8022
2, AnalystIT, 35.472527, -82.51649
3, IT Healthcare Operations Analyst, 42.252747, -71.0
4, FasTracks Public Information, 39.73901, -104.98351
5, Outreach Coordinator  Nashville TN, 36.164837, -86.78022
6, Software Engineer YouTube Entry Level, 37.62912, -122.40659
7, Software Developer Job, 33.447803, -112.07143
8, Analyst IT, 30.065933, -90.47802
9, Game Developer Lead, 43.087914, -77.51099
10, CASALHU14009 NET Developer  Redstone Arsenal AL, 34.728024, -86.58242
12, Product Owner  Development Center, 43.07143, -89.4011
13, Software Engineer, 47.56868, -122.21978
14, Software Engineer, 39.766483, -86.15385
15, Software Developer IT  Software, 38.252747, -85.75824
16, Software Developer IT  Software, 39.766483, -86.15385
17, IT LIAISONIL13 Appointed  TAX COMMISSIONERS OFFICE, 33.956043, -83.98351
18, PROGRAMMER, 36.173077, -115.13187
19, New Graduate IT Software Engineer Applications Development F, 39.758244, -84.18681
20, Software Engineer, 39.70879, -84.06044
21, Lead Solution Analyst, 42.706043, -84.41758
22, IT Production Control Analyst, 41.23901, -81.43956
23, QA Automation Engineer, 44.04945, -123.08242
24, Junior Motivated Developer, 40.71154, -74.00549
25, Sr Supply Chain Proj Analyst, 45.104397, -93.2033
1, Web Analytics Internship, 34.104397, -117.8022
2, AnalystIT, 35.472527, -82.51649
3, IT Healthcare Operations Analyst, 42.252747, -71.0
4, FasTracks Public Information, 39.73901, -104.98351
5, Outreach Coordinator  Nashville TN, 36.164837, -86.78022
6, Software Engineer YouTube Entry Level, 37.62912, -122.40659
7, Software Developer Job, 33.447803, -112.07143
8, Analyst IT, 30.065933, -90.47802
9, Game Developer Lead, 43.087914, -77.51099
10, CASALHU14009 NET Developer  Redstone Arsenal AL, 34.728024, -86.58242
12, Product Owner  Development Center, 43.07143, -89.4011
13, Software Engineer, 47.56868, -122.21978
14, Software Engineer, 39.766483, -86.15385
15, Software Developer IT  Software, 38.252747, -85.75824
16, Software Developer IT  Software, 39.766483, -86.15385
17, IT LIAISONIL13 Appointed  TAX COMMISSIONERS OFFICE, 33.956043, -83.98351
18, PROGRAMMER, 36.173077, -115.13187
19, New Graduate IT Software Engineer Applications Development F, 39.758244, -84.18681
20, Software Engineer, 39.70879, -84.06044
21, Lead Solution Analyst, 42.706043, -84.41758
22, IT Production Control Analyst, 41.23901, -81.43956
23, QA Automation Engineer, 44.04945, -123.08242
24, Junior Motivated Developer, 40.71154, -74.00549
25, Sr Supply Chain Proj Analyst, 45.104397, -93.2033
1, Web Analytics Internship, 34.104397, -117.8022
2, AnalystIT, 35.472527, -82.51649
3, IT Healthcare Operations Analyst, 42.252747, -71.0
4, FasTracks Public Information, 39.73901, -104.98351
5, Outreach Coordinator  Nashville TN, 36.164837, -86.78022
6, Software Engineer YouTube Entry Level, 37.62912, -122.40659
7, Software Developer Job, 33.447803, -112.07143
8, Analyst IT, 30.065933, -90.47802
9, Game Developer Lead, 43.087914, -77.51099
10, CASALHU14009 NET Developer  Redstone Arsenal AL, 34.728024, -86.58242
12, Product Owner  Development Center, 43.07143, -89.4011
13, Software Engineer, 47.56868, -122.21978
14, Software Engineer, 39.766483, -86.15385
15, Software Developer IT  Software, 38.252747, -85.75824
16, Software Developer IT  Software, 39.766483, -86.15385
17, IT LIAISONIL13 Appointed  TAX COMMISSIONERS OFFICE, 33.956043, -83.98351
18, PROGRAMMER, 36.173077, -115.13187
19, New Graduate IT Software Engineer Applications Development F, 39.758244, -84.18681
20, Software Engineer, 39.70879, -84.06044
21, Lead Solution Analyst, 42.706043, -84.41758
22, IT Production Control Analyst, 41.23901, -81.43956
23, QA Automation Engineer, 44.04945, -123.08242
24, Junior Motivated Developer, 40.71154, -74.00549
25, Sr Supply Chain Proj Analyst, 45.104397, -93.2033
1, Web Analytics Internship, 34.104397, -117.8022
2, AnalystIT, 35.472527, -82.51649
3, IT Healthcare Operations Analyst, 42.252747, -71.0
4, FasTracks Public Information, 39.73901, -104.98351
5, Outreach Coordinator  Nashville TN, 36.164837, -86.78022
6, Software Engineer YouTube Entry Level, 37.62912, -122.40659
7, Software Developer Job, 33.447803, -112.07143
8, Analyst IT, 30.065933, -90.47802
9, Game Developer Lead, 43.087914, -77.51099
10, CASALHU14009 NET Developer  Redstone Arsenal AL, 34.728024, -86.58242
12, Product Owner  Development Center, 43.07143, -89.4011
13, Software Engineer, 47.56868, -122.21978
14, Software Engineer, 39.766483, -86.15385
15, Software Developer IT  Software, 38.252747, -85.75824
16, Software Developer IT  Software, 39.766483, -86.15385
17, IT LIAISONIL13 Appointed  TAX COMMISSIONERS OFFICE, 33.956043, -83.98351
18, PROGRAMMER, 36.173077, -115.13187
19, New Graduate IT Software Engineer Applications Development F, 39.758244, -84.18681
20, Software Engineer, 39.70879, -84.06044
21, Lead Solution Analyst, 42.706043, -84.41758
22, IT Production Control Analyst, 41.23901, -81.43956
23, QA Automation Engineer, 44.04945, -123.08242
24, Junior Motivated Developer, 40.71154, -74.00549
25, Sr Supply Chain Proj Analyst, 45.104397, -93.2033
1, Web Analytics Internship, 34.104397, -117.8022
2, AnalystIT, 35.472527, -82.51649
3, IT Healthcare Operations Analyst, 42.252747, -71.0
4, FasTracks Public Information, 39.73901, -104.98351
5, Outreach Coordinator  Nashville TN, 36.164837, -86.78022
6, Software Engineer YouTube Entry Level, 37.62912, -122.40659
7, Software Developer Job, 33.447803, -112.07143
8, Analyst IT, 30.065933, -90.47802
9, Game Developer Lead, 43.087914, -77.51099
10, CASALHU14009 NET Developer  Redstone Arsenal AL, 34.728024, -86.58242
12, Product Owner  Development Center, 43.07143, -89.4011
13, Software Engineer, 47.56868, -122.21978
14, Software Engineer, 39.766483, -86.15385
15, Software Developer IT  Software, 38.252747, -85.75824
16, Software Developer IT  Software, 39.766483, -86.15385
17, IT LIAISONIL13 Appointed  TAX COMMISSIONERS OFFICE, 33.956043, -83.98351
18, PROGRAMMER, 36.173077, -115.13187
19, New Graduate IT Software Engineer Applications Development F, 39.758244, -84.18681
20, Software Engineer, 39.70879, -84.06044
21, Lead Solution Analyst, 42.706043, -84.41758
22, IT Production Control Analyst, 41.23901, -81.43956
23, QA Automation Engineer, 44.04945, -123.08242
24, Junior Motivated Developer, 40.71154, -74.00549
25, Sr Supply Chain Proj Analyst, 45.104397, -93.2033
1, Web Analytics Internship, 34.104397, -117.8022
2, AnalystIT, 35.472527, -82.51649
3, IT Healthcare Operations Analyst, 42.252747, -71.0
4, FasTracks Public Information, 39.73901, -104.98351
5, Outreach Coordinator  Nashville TN, 36.164837, -86.78022
6, Software Engineer YouTube Entry Level, 37.62912, -122.40659
7, Software Developer Job, 33.447803, -112.07143
8, Analyst IT, 30.065933, -90.47802
9, Game Developer Lead, 43.087914, -77.51099
10, CASALHU14009 NET Developer  Redstone Arsenal AL, 34.728024, -86.58242
12, Product Owner  Development Center, 43.07143, -89.4011
13, Software Engineer, 47.56868, -122.21978
14, Software Engineer, 39.766483, -86.15385
15, Software Developer IT  Software, 38.252747, -85.75824
16, Software Developer IT  Software, 39.766483, -86.15385
17, IT LIAISONIL13 Appointed  TAX COMMISSIONERS OFFICE, 33.956043, -83.98351
18, PROGRAMMER, 36.173077, -115.13187
19, New Graduate IT Software Engineer Applications Development F, 39.758244, -84.18681
20, Software Engineer, 39.70879, -84.06044
21, Lead Solution Analyst, 42.706043, -84.41758
22, IT Production Control Analyst, 41.23901, -81.43956
23, QA Automation Engineer, 44.04945, -123.08242
24, Junior Motivated Developer, 40.71154, -74.00549
25, Sr Supply Chain Proj Analyst, 45.104397, -93.2033
1, Web Analytics Internship, 34.104397, -117.8022
2, AnalystIT, 35.472527, -82.51649
3, IT Healthcare Operations Analyst, 42.252747, -71.0
4, FasTracks Public Information, 39.73901, -104.98351
5, Outreach Coordinator  Nashville TN, 36.164837, -86.78022
6, Software Engineer YouTube Entry Level, 37.62912, -122.40659
7, Software Developer Job, 33.447803, -112.07143
8, Analyst IT, 30.065933, -90.47802
9, Game Developer Lead, 43.087914, -77.51099
10, CASALHU14009 NET Developer  Redstone Arsenal AL, 34.728024, -86.58242
12, Product Owner  Development Center, 43.07143, -89.4011
13, Software Engineer, 47.56868, -122.21978
14, Software Engineer, 39.766483, -86.15385
15, Software Developer IT  Software, 38.252747, -85.75824
16, Software Developer IT  Software, 39.766483, -86.15385
17, IT LIAISONIL13 Appointed  TAX COMMISSIONERS OFFICE, 33.956043, -83.98351
18, PROGRAMMER, 36.173077, -115.13187
19, New Graduate IT Software Engineer Applications Development F, 39.758244, -84.18681
20, Software Engineer, 39.70879, -84.06044
21, Lead Solution Analyst, 42.706043, -84.41758
22, IT Production Control Analyst, 41.23901, -81.43956
23, QA Automation Engineer, 44.04945, -123.08242
24, Junior Motivated Developer, 40.71154, -74.00549
25, Sr Supply Chain Proj Analyst, 45.104397, -93.2033
1, Web Analytics Internship, 34.104397, -117.8022
2, AnalystIT, 35.472527, -82.51649
3, IT Healthcare Operations Analyst, 42.252747, -71.0
4, FasTracks Public Information, 39.73901, -104.98351
5, Outreach Coordinator  Nashville TN, 36.164837, -86.78022
6, Software Engineer YouTube Entry Level, 37.62912, -122.40659
7, Software Developer Job, 33.447803, -112.07143
8, Analyst IT, 30.065933, -90.47802
9, Game Developer Lead, 43.087914, -77.51099
10, CASALHU14009 NET Developer  Redstone Arsenal AL, 34.728024, -86.58242
12, Product Owner  Development Center, 43.07143, -89.4011
13, Software Engineer, 47.56868, -122.21978
14, Software Engineer, 39.766483, -86.15385
15, Software Developer IT  Software, 38.252747, -85.75824
16, Software Developer IT  Software, 39.766483, -86.15385
17, IT LIAISONIL13 Appointed  TAX COMMISSIONERS OFFICE, 33.956043, -83.98351
18, PROGRAMMER, 36.173077, -115.13187
19, New Graduate IT Software Engineer Applications Development F, 39.758244, -84.18681
20, Software Engineer, 39.70879, -84.06044
21, Lead Solution Analyst, 42.706043, -84.41758
22, IT Production Control Analyst, 41.23901, -81.43956
23, QA Automation Engineer, 44.04945, -123.08242
24, Junior Motivated Developer, 40.71154, -74.00549
25, Sr Supply Chain Proj Analyst, 45.104397, -93.2033
1, Web Analytics Internship, 34.104397, -117.8022
2, AnalystIT, 35.472527, -82.51649
3, IT Healthcare Operations Analyst, 42.252747, -71.0
4, FasTracks Public Information, 39.73901, -104.98351
5, Outreach Coordinator  Nashville TN, 36.164837, -86.78022
6, Software Engineer YouTube Entry Level, 37.62912, -122.40659
7, Software Developer Job, 33.447803, -112.07143
8, Analyst IT, 30.065933, -90.47802
9, Game Developer Lead, 43.087914, -77.51099
10, CASALHU14009 NET Developer  Redstone Arsenal AL, 34.728024, -86.58242
12, Product Owner  Development Center, 43.07143, -89.4011
13, Software Engineer, 47.56868, -122.21978
14, Software Engineer, 39.766483, -86.15385
15, Software Developer IT  Software, 38.252747, -85.75824
16, Software Developer IT  Software, 39.766483, -86.15385
17, IT LIAISONIL13 Appointed  TAX COMMISSIONERS OFFICE, 33.956043, -83.98351
18, PROGRAMMER, 36.173077, -115.13187
19, New Graduate IT Software Engineer Applications Development F, 39.758244, -84.18681
20, Software Engineer, 39.70879, -84.06044
21, Lead Solution Analyst, 42.706043, -84.41758
22, IT Production Control Analyst, 41.23901, -81.43956
23, QA Automation Engineer, 44.04945, -123.08242
24, Junior Motivated Developer, 40.71154, -74.00549
25, Sr Supply Chain Proj Analyst, 45.104397, -93.2033
1, Web Analytics Internship, 34.104397, -117.8022
2, AnalystIT, 35.472527, -82.51649
3, IT Healthcare Operations Analyst, 42.252747, -71.0
4, FasTracks Public Information, 39.73901, -104.98351
5, Outreach Coordinator  Nashville TN, 36.164837, -86.78022
6, Software Engineer YouTube Entry Level, 37.62912, -122.40659
7, Software Developer Job, 33.447803, -112.07143
8, Analyst IT, 30.065933, -90.47802
9, Game Developer Lead, 43.087914, -77.51099
10, CASALHU14009 NET Developer  Redstone Arsenal AL, 34.728024, -86.58242
12, Product Owner  Development Center, 43.07143, -89.4011
13, Software Engineer, 47.56868, -122.21978
14, Software Engineer, 39.766483, -86.15385
15, Software Developer IT  Software, 38.252747, -85.75824
16, Software Developer IT  Software, 39.766483, -86.15385
17, IT LIAISONIL13 Appointed  TAX COMMISSIONERS OFFICE, 33.956043, -83.98351
18, PROGRAMMER, 36.173077, -115.13187
19, New Graduate IT Software Engineer Applications Development F, 39.758244, -84.18681
20, Software Engineer, 39.70879, -84.06044
21, Lead Solution Analyst, 42.706043, -84.41758
22, IT Production Control Analyst, 41.23901, -81.43956
23, QA Automation Engineer, 44.04945, -123.08242
24, Junior Motivated Developer, 40.71154, -74.00549
25, Sr Supply Chain Proj Analyst, 45.104397, -93.2033
1, Web Analytics Internship, 34.104397, -117.8022
2, AnalystIT, 35.472527, -82.51649
3, IT Healthcare Operations Analyst, 42.252747, -71.0
4, FasTracks Public Information, 39.73901, -104.98351
5, Outreach Coordinator  Nashville TN, 36.164837, -86.78022
6, Software Engineer YouTube Entry Level, 37.62912, -122.40659
7, Software Developer Job, 33.447803, -112.07143
8, Analyst IT, 30.065933, -90.47802
9, Game Developer Lead, 43.087914, -77.51099
10, CASALHU14009 NET Developer  Redstone Arsenal AL, 34.728024, -86.58242
12, Product Owner  Development Center, 43.07143, -89.4011
13, Software Engineer, 47.56868, -122.21978
14, Software Engineer, 39.766483, -86.15385
15, Software Developer IT  Software, 38.252747, -85.75824
16, Software Developer IT  Software, 39.766483, -86.15385
17, IT LIAISONIL13 Appointed  TAX COMMISSIONERS OFFICE, 33.956043, -83.98351
18, PROGRAMMER, 36.173077, -115.13187
19, New Graduate IT Software Engineer Applications Development F, 39.758244, -84.18681
20, Software Engineer, 39.70879, -84.06044
21, Lead Solution Analyst, 42.706043, -84.41758
22, IT Production Control Analyst, 41.23901, -81.43956
23, QA Automation Engineer, 44.04945, -123.08242
24, Junior Motivated Developer, 40.71154, -74.00549
25, Sr Supply Chain Proj Analyst, 45.104397, -93.2033
1, Web Analytics Internship, 34.104397, -117.8022
2, AnalystIT, 35.472527, -82.51649
3, IT Healthcare Operations Analyst, 42.252747, -71.0
4, FasTracks Public Information, 39.73901, -104.98351
5, Outreach Coordinator  Nashville TN, 36.164837, -86.78022
6, Software Engineer YouTube Entry Level, 37.62912, -122.40659
7, Software Developer Job, 33.447803, -112.07143
8, Analyst IT, 30.065933, -90.47802
9, Game Developer Lead, 43.087914, -77.51099
10, CASALHU14009 NET Developer  Redstone Arsenal AL, 34.728024, -86.58242
12, Product Owner  Development Center, 43.07143, -89.4011
13, Software Engineer, 47.56868, -122.21978
14, Software Engineer, 39.766483, -86.15385
15, Software Developer IT  Software, 38.252747, -85.75824
16, Software Developer IT  Software, 39.766483, -86.15385
17, IT LIAISONIL13 Appointed  TAX COMMISSIONERS OFFICE, 33.956043, -83.98351
18, PROGRAMMER, 36.173077, -115.13187
19, New Graduate IT Software Engineer Applications Development F, 39.758244, -84.18681
20, Software Engineer, 39.70879, -84.06044
21, Lead Solution Analyst, 42.706043, -84.41758
22, IT Production Control Analyst, 41.23901, -81.43956
23, QA Automation Engineer, 44.04945, -123.08242
24, Junior Motivated Developer, 40.71154, -74.00549
25, Sr Supply Chain Proj Analyst, 45.104397, -93.2033
1, Web Analytics Internship, 34.104397, -117.8022
2, AnalystIT, 35.472527, -82.51649
3, IT Healthcare Operations Analyst, 42.252747, -71.0
4, FasTracks Public Information, 39.73901, -104.98351
5, Outreach Coordinator  Nashville TN, 36.164837, -86.78022
6, Software Engineer YouTube Entry Level, 37.62912, -122.40659
7, Software Developer Job, 33.447803, -112.07143
8, Analyst IT, 30.065933, -90.47802
9, Game Developer Lead, 43.087914, -77.51099
10, CASALHU14009 NET Developer  Redstone Arsenal AL, 34.728024, -86.58242
12, Product Owner  Development Center, 43.07143, -89.4011
13, Software Engineer, 47.56868, -122.21978
14, Software Engineer, 39.766483, -86.15385
15, Software Developer IT  Software, 38.252747, -85.75824
16, Software Developer IT  Software, 39.766483, -86.15385
17, IT LIAISONIL13 Appointed  TAX COMMISSIONERS OFFICE, 33.956043, -83.98351
18, PROGRAMMER, 36.173077, -115.13187
19, New Graduate IT Software Engineer Applications Development F, 39.758244, -84.18681
20, Software Engineer, 39.70879, -84.06044
21, Lead Solution Analyst, 42.706043, -84.41758
22, IT Production Control Analyst, 41.23901, -81.43956
23, QA Automation Engineer, 44.04945, -123.08242
24, Junior Motivated Developer, 40.71154, -74.00549
25, Sr Supply Chain Proj Analyst, 45.104397, -93.2033
1, Web Analytics Internship, 34.104397, -117.8022
2, AnalystIT, 35.472527, -82.51649
3, IT Healthcare Operations Analyst, 42.252747, -71.0
4, FasTracks Public Information, 39.73901, -104.98351
5, Outreach Coordinator  Nashville TN, 36.164837, -86.78022
6, Software Engineer YouTube Entry Level, 37.62912, -122.40659
7, Software Developer Job, 33.447803, -112.07143
8, Analyst IT, 30.065933, -90.47802
9, Game Developer Lead, 43.087914, -77.51099
10, CASALHU14009 NET Developer  Redstone Arsenal AL, 34.728024, -86.58242
12, Product Owner  Development Center, 43.07143, -89.4011
13, Software Engineer, 47.56868, -122.21978
14, Software Engineer, 39.766483, -86.15385
15, Software Developer IT  Software, 38.252747, -85.75824
16, Software Developer IT  Software, 39.766483, -86.15385
17, IT LIAISONIL13 Appointed  TAX COMMISSIONERS OFFICE, 33.956043, -83.98351
18, PROGRAMMER, 36.173077, -115.13187
19, New Graduate IT Software Engineer Applications Development F, 39.758244, -84.18681
20, Software Engineer, 39.70879, -84.06044
21, Lead Solution Analyst, 42.706043, -84.41758
22, IT Production Control Analyst, 41.23901, -81.43956
23, QA Automation Engineer, 44.04945, -123.08242
24, Junior Motivated Developer, 40.71154, -74.00549
25, Sr Supply Chain Proj Analyst, 45.104397, -93.2033
1, Web Analytics Internship, 34.104397, -117.8022
2, AnalystIT, 35.472527, -82.51649
3, IT Healthcare Operations Analyst, 42.252747, -71.0
4, FasTracks Public Information, 39.73901, -104.98351
5, Outreach Coordinator  Nashville TN, 36.164837, -86.78022
6, Software Engineer YouTube Entry Level, 37.62912, -122.40659
7, Software Developer Job, 33.447803, -112.07143
8, Analyst IT, 30.065933, -90.47802
9, Game Developer Lead, 43.087914, -77.51099
10, CASALHU14009 NET Developer  Redstone Arsenal AL, 34.728024, -86.58242
12, Product Owner  Development Center, 43.07143, -89.4011
13, Software Engineer, 47.56868, -122.21978
14, Software Engineer, 39.766483, -86.15385
15, Software Developer IT  Software, 38.252747, -85.75824
16, Software Developer IT  Software, 39.766483, -86.15385
17, IT LIAISONIL13 Appointed  TAX COMMISSIONERS OFFICE, 33.956043, -83.98351
18, PROGRAMMER, 36.173077, -115.13187
19, New Graduate IT Software Engineer Applications Development F, 39.758244, -84.18681
20, Software Engineer, 39.70879, -84.06044
21, Lead Solution Analyst, 42.706043, -84.41758
22, IT Production Control Analyst, 41.23901, -81.43956
23, QA Automation Engineer, 44.04945, -123.08242
24, Junior Motivated Developer, 40.71154, -74.00549
25, Sr Supply Chain Proj Analyst, 45.104397, -93.2033
1, Web Analytics Internship, 34.104397, -117.8022
2, AnalystIT, 35.472527, -82.51649
3, IT Healthcare Operations Analyst, 42.252747, -71.0
4, FasTracks Public Information, 39.73901, -104.98351
5, Outreach Coordinator  Nashville TN, 36.164837, -86.78022
6, Software Engineer YouTube Entry Level, 37.62912, -122.40659
7, Software Developer Job, 33.447803, -112.07143
8, Analyst IT, 30.065933, -90.47802
9, Game Developer Lead, 43.087914, -77.51099
10, CASALHU14009 NET Developer  Redstone Arsenal AL, 34.728024, -86.58242
12, Product Owner  Development Center, 43.07143, -89.4011
13, Software Engineer, 47.56868, -122.21978
14, Software Engineer, 39.766483, -86.15385
15, Software Developer IT  Software, 38.252747, -85.75824
16, Software Developer IT  Software, 39.766483, -86.15385
17, IT LIAISONIL13 Appointed  TAX COMMISSIONERS OFFICE, 33.956043, -83.98351
18, PROGRAMMER, 36.173077, -115.13187
19, New Graduate IT Software Engineer Applications Development F, 39.758244, -84.18681
20, Software Engineer, 39.70879, -84.06044
21, Lead Solution Analyst, 42.706043, -84.41758
22, IT Production Control Analyst, 41.23901, -81.43956
23, QA Automation Engineer, 44.04945, -123.08242
24, Junior Motivated Developer, 40.71154, -74.00549
25, Sr Supply Chain Proj Analyst, 45.104397, -93.2033
1, Web Analytics Internship, 34.104397, -117.8022
2, AnalystIT, 35.472527, -82.51649
3, IT Healthcare Operations Analyst, 42.252747, -71.0
4, FasTracks Public Information, 39.73901, -104.98351
5, Outreach Coordinator  Nashville TN, 36.164837, -86.78022
6, Software Engineer YouTube Entry Level, 37.62912, -122.40659
7, Software Developer Job, 33.447803, -112.07143
8, Analyst IT, 30.065933, -90.47802
9, Game Developer Lead, 43.087914, -77.51099
10, CASALHU14009 NET Developer  Redstone Arsenal AL, 34.728024, -86.58242
12, Product Owner  Development Center, 43.07143, -89.4011
13, Software Engineer, 47.56868, -122.21978
14, Software Engineer, 39.766483, -86.15385
15, Software Developer IT  Software, 38.252747, -85.75824
16, Software Developer IT  Software, 39.766483, -86.15385
17, IT LIAISONIL13 Appointed  TAX COMMISSIONERS OFFICE, 33.956043, -83.98351
18, PROGRAMMER, 36.173077, -115.13187
19, New Graduate IT Software Engineer Applications Development F, 39.758244, -84.18681
20, Software Engineer, 39.70879, -84.06044
21, Lead Solution Analyst, 42.706043, -84.41758
22, IT Production Control Analyst, 41.23901, -81.43956
23, QA Automation Engineer, 44.04945, -123.08242
24, Junior Motivated Developer, 40.71154, -74.00549
25, Sr Supply Chain Proj Analyst, 45.104397, -93.2033
1, Web Analytics Internship, 34.104397, -117.8022
2, AnalystIT, 35.472527, -82.51649
3, IT Healthcare Operations Analyst, 42.252747, -71.0
4, FasTracks Public Information, 39.73901, -104.98351
5, Outreach Coordinator  Nashville TN, 36.164837, -86.78022
6, Software Engineer YouTube Entry Level, 37.62912, -122.40659
7, Software Developer Job, 33.447803, -112.07143
8, Analyst IT, 30.065933, -90.47802
9, Game Developer Lead, 43.087914, -77.51099
10, CASALHU14009 NET Developer  Redstone Arsenal AL, 34.728024, -86.58242
12, Product Owner  Development Center, 43.07143, -89.4011
13, Software Engineer, 47.56868, -122.21978
14, Software Engineer, 39.766483, -86.15385
15, Software Developer IT  Software, 38.252747, -85.75824
16, Software Developer IT  Software, 39.766483, -86.15385
17, IT LIAISONIL13 Appointed  TAX COMMISSIONERS OFFICE, 33.956043, -83.98351
18, PROGRAMMER, 36.173077, -115.13187
19, New Graduate IT Software Engineer Applications Development F, 39.758244, -84.18681
20, Software Engineer, 39.70879, -84.06044
21, Lead Solution Analyst, 42.706043, -84.41758
22, IT Production Control Analyst, 41.23901, -81.43956
23, QA Automation Engineer, 44.04945, -123.08242
24, Junior Motivated Developer, 40.71154, -74.00549
25, Sr Supply Chain Proj Analyst, 45.104397, -93.2033
1, Web Analytics Internship, 34.104397, -117.8022
2, AnalystIT, 35.472527, -82.51649
3, IT Healthcare Operations Analyst, 42.252747, -71.0
4, FasTracks Public Information, 39.73901, -104.98351
5, Outreach Coordinator  Nashville TN, 36.164837, -86.78022
6, Software Engineer YouTube Entry Level, 37.62912, -122.40659
7, Software Developer Job, 33.447803, -112.07143
8, Analyst IT, 30.065933, -90.47802
9, Game Developer Lead, 43.087914, -77.51099
10, CASALHU14009 NET Developer  Redstone Arsenal AL, 34.728024, -86.58242
12, Product Owner  Development Center, 43.07143, -89.4011
13, Software Engineer, 47.56868, -122.21978
14, Software Engineer, 39.766483, -86.15385
15, Software Developer IT  Software, 38.252747, -85.75824
16, Software Developer IT  Software, 39.766483, -86.15385
17, IT LIAISONIL13 Appointed  TAX COMMISSIONERS OFFICE, 33.956043, -83.98351
18, PROGRAMMER, 36.173077, -115.13187
19, New Graduate IT Software Engineer Applications Development F, 39.758244, -84.18681
20, Software Engineer, 39.70879, -84.06044
21, Lead Solution Analyst, 42.706043, -84.41758
22, IT Production Control Analyst, 41.23901, -81.43956
23, QA Automation Engineer, 44.04945, -123.08242
24, Junior Motivated Developer, 40.71154, -74.00549
25, Sr Supply Chain Proj Analyst, 45.104397, -93.2033
1, Web Analytics Internship, 34.104397, -117.8022
2, AnalystIT, 35.472527, -82.51649
3, IT Healthcare Operations Analyst, 42.252747, -71.0
4, FasTracks Public Information, 39.73901, -104.98351
5, Outreach Coordinator  Nashville TN, 36.164837, -86.78022
6, Software Engineer YouTube Entry Level, 37.62912, -122.40659
7, Software Developer Job, 33.447803, -112.07143
8, Analyst IT, 30.065933, -90.47802
9, Game Developer Lead, 43.087914, -77.51099
10, CASALHU14009 NET Developer  Redstone Arsenal AL, 34.728024, -86.58242
12, Product Owner  Development Center, 43.07143, -89.4011
13, Software Engineer, 47.56868, -122.21978
14, Software Engineer, 39.766483, -86.15385
15, Software Developer IT  Software, 38.252747, -85.75824
16, Software Developer IT  Software, 39.766483, -86.15385
17, IT LIAISONIL13 Appointed  TAX COMMISSIONERS OFFICE, 33.956043, -83.98351
18, PROGRAMMER, 36.173077, -115.13187
19, New Graduate IT Software Engineer Applications Development F, 39.758244, -84.18681
20, Software Engineer, 39.70879, -84.06044
21, Lead Solution Analyst, 42.706043, -84.41758
22, IT Production Control Analyst, 41.23901, -81.43956
23, QA Automation Engineer, 44.04945, -123.08242
24, Junior Motivated Developer, 40.71154, -74.00549
25, Sr Supply Chain Proj Analyst, 45.104397, -93.2033
1, Web Analytics Internship, 34.104397, -117.8022
2, AnalystIT, 35.472527, -82.51649
3, IT Healthcare Operations Analyst, 42.252747, -71.0
4, FasTracks Public Information, 39.73901, -104.98351
5, Outreach Coordinator  Nashville TN, 36.164837, -86.78022
6, Software Engineer YouTube Entry Level, 37.62912, -122.40659
7, Software Developer Job, 33.447803, -112.07143
8, Analyst IT, 30.065933, -90.47802
9, Game Developer Lead, 43.087914, -77.51099
10, CASALHU14009 NET Developer  Redstone Arsenal AL, 34.728024, -86.58242
12, Product Owner  Development Center, 43.07143, -89.4011
13, Software Engineer, 47.56868, -122.21978
14, Software Engineer, 39.766483, -86.15385
15, Software Developer IT  Software, 38.252747, -85.75824
16, Software Developer IT  Software, 39.766483, -86.15385
17, IT LIAISONIL13 Appointed  TAX COMMISSIONERS OFFICE, 33.956043, -83.98351
18, PROGRAMMER, 36.173077, -115.13187
19, New Graduate IT Software Engineer Applications Development F, 39.758244, -84.18681
20, Software Engineer, 39.70879, -84.06044
21, Lead Solution Analyst, 42.706043, -84.41758
22, IT Production Control Analyst, 41.23901, -81.43956
23, QA Automation Engineer, 44.04945, -123.08242
24, Junior Motivated Developer, 40.71154, -74.00549
25, Sr Supply Chain Proj Analyst, 45.104397, -93.2033
1, Web Analytics Internship, 34.104397, -117.8022
2, AnalystIT, 35.472527, -82.51649
3, IT Healthcare Operations Analyst, 42.252747, -71.0
4, FasTracks Public Information, 39.73901, -104.98351
5, Outreach Coordinator  Nashville TN, 36.164837, -86.78022
6, Software Engineer YouTube Entry Level, 37.62912, -122.40659
7, Software Developer Job, 33.447803, -112.07143
8, Analyst IT, 30.065933, -90.47802
9, Game Developer Lead, 43.087914, -77.51099
10, CASALHU14009 NET Developer  Redstone Arsenal AL, 34.728024, -86.58242
12, Product Owner  Development Center, 43.07143, -89.4011
13, Software Engineer, 47.56868, -122.21978
14, Software Engineer, 39.766483, -86.15385
15, Software Developer IT  Software, 38.252747, -85.75824
16, Software Developer IT  Software, 39.766483, -86.15385
17, IT LIAISONIL13 Appointed  TAX COMMISSIONERS OFFICE, 33.956043, -83.98351
18, PROGRAMMER, 36.173077, -115.13187
19, New Graduate IT Software Engineer Applications Development F, 39.758244, -84.18681
20, Software Engineer, 39.70879, -84.06044
21, Lead Solution Analyst, 42.706043, -84.41758
22, IT Production Control Analyst, 41.23901, -81.43956
23, QA Automation Engineer, 44.04945, -123.08242
24, Junior Motivated Developer, 40.71154, -74.00549
25, Sr Supply Chain Proj Analyst, 45.104397, -93.2033
1, Web Analytics Internship, 34.104397, -117.8022
2, AnalystIT, 35.472527, -82.51649
3, IT Healthcare Operations Analyst, 42.252747, -71.0
4, FasTracks Public Information, 39.73901, -104.98351
5, Outreach Coordinator  Nashville TN, 36.164837, -86.78022
6, Software Engineer YouTube Entry Level, 37.62912, -122.40659
7, Software Developer Job, 33.447803, -112.07143
8, Analyst IT, 30.065933, -90.47802
9, Game Developer Lead, 43.087914, -77.51099
10, CASALHU14009 NET Developer  Redstone Arsenal AL, 34.728024, -86.58242
12, Product Owner  Development Center, 43.07143, -89.4011
13, Software Engineer, 47.56868, -122.21978
14, Software Engineer, 39.766483, -86.15385
15, Software Developer IT  Software, 38.252747, -85.75824
16, Software Developer IT  Software, 39.766483, -86.15385
17, IT LIAISONIL13 Appointed  TAX COMMISSIONERS OFFICE, 33.956043, -83.98351
18, PROGRAMMER, 36.173077, -115.13187
19, New Graduate IT Software Engineer Applications Development F, 39.758244, -84.18681
20, Software Engineer, 39.70879, -84.06044
21, Lead Solution Analyst, 42.706043, -84.41758
22, IT Production Control Analyst, 41.23901, -81.43956
23, QA Automation Engineer, 44.04945, -123.08242
24, Junior Motivated Developer, 40.71154, -74.00549
25, Sr Supply Chain Proj Analyst, 45.104397, -93.2033
1, Web Analytics Internship, 34.104397, -117.8022
2, AnalystIT, 35.472527, -82.51649
3, IT Healthcare Operations Analyst, 42.252747, -71.0
4, FasTracks Public Information, 39.73901, -104.98351
5, Outreach Coordinator  Nashville TN, 36.164837, -86.78022
6, Software Engineer YouTube Entry Level, 37.62912, -122.40659
7, Software Developer Job, 33.447803, -112.07143
8, Analyst IT, 30.065933, -90.47802
9, Game Developer Lead, 43.087914, -77.51099
10, CASALHU14009 NET Developer  Redstone Arsenal AL, 34.728024, -86.58242
12, Product Owner  Development Center, 43.07143, -89.4011
13, Software Engineer, 47.56868, -122.21978
14, Software Engineer, 39.766483, -86.15385
15, Software Developer IT  Software, 38.252747, -85.75824
16, Software Developer IT  Software, 39.766483, -86.15385
17, IT LIAISONIL13 Appointed  TAX COMMISSIONERS OFFICE, 33.956043, -83.98351
18, PROGRAMMER, 36.173077, -115.13187
19, New Graduate IT Software Engineer Applications Development F, 39.758244, -84.18681
20, Software Engineer, 39.70879, -84.06044
21, Lead Solution Analyst, 42.706043, -84.41758
22, IT Production Control Analyst, 41.23901, -81.43956
23, QA Automation Engineer, 44.04945, -123.08242
24, Junior Motivated Developer, 40.71154, -74.00549
25, Sr Supply Chain Proj Analyst, 45.104397, -93.2033
1, Web Analytics Internship, 34.104397, -117.8022
2, AnalystIT, 35.472527, -82.51649
3, IT Healthcare Operations Analyst, 42.252747, -71.0
4, FasTracks Public Information, 39.73901, -104.98351
5, Outreach Coordinator  Nashville TN, 36.164837, -86.78022
6, Software Engineer YouTube Entry Level, 37.62912, -122.40659
7, Software Developer Job, 33.447803, -112.07143
8, Analyst IT, 30.065933, -90.47802
9, Game Developer Lead, 43.087914, -77.51099
10, CASALHU14009 NET Developer  Redstone Arsenal AL, 34.728024, -86.58242
12, Product Owner  Development Center, 43.07143, -89.4011
13, Software Engineer, 47.56868, -122.21978
14, Software Engineer, 39.766483, -86.15385
15, Software Developer IT  Software, 38.252747, -85.75824
16, Software Developer IT  Software, 39.766483, -86.15385
17, IT LIAISONIL13 Appointed  TAX COMMISSIONERS OFFICE, 33.956043, -83.98351
18, PROGRAMMER, 36.173077, -115.13187
19, New Graduate IT Software Engineer Applications Development F, 39.758244, -84.18681
20, Software Engineer, 39.70879, -84.06044
21, Lead Solution Analyst, 42.706043, -84.41758
22, IT Production Control Analyst, 41.23901, -81.43956
23, QA Automation Engineer, 44.04945, -123.08242
24, Junior Motivated Developer, 40.71154, -74.00549
25, Sr Supply Chain Proj Analyst, 45.104397, -93.2033
1, Web Analytics Internship, 34.104397, -117.8022
2, AnalystIT, 35.472527, -82.51649
3, IT Healthcare Operations Analyst, 42.252747, -71.0
4, FasTracks Public Information, 39.73901, -104.98351
5, Outreach Coordinator  Nashville TN, 36.164837, -86.78022
6, Software Engineer YouTube Entry Level, 37.62912, -122.40659
7, Software Developer Job, 33.447803, -112.07143
8, Analyst IT, 30.065933, -90.47802
9, Game Developer Lead, 43.087914, -77.51099
10, CASALHU14009 NET Developer  Redstone Arsenal AL, 34.728024, -86.58242
12, Product Owner  Development Center, 43.07143, -89.4011
13, Software Engineer, 47.56868, -122.21978
14, Software Engineer, 39.766483, -86.15385
15, Software Developer IT  Software, 38.252747, -85.75824
16, Software Developer IT  Software, 39.766483, -86.15385
17, IT LIAISONIL13 Appointed  TAX COMMISSIONERS OFFICE, 33.956043, -83.98351
18, PROGRAMMER, 36.173077, -115.13187
19, New Graduate IT Software Engineer Applications Development F, 39.758244, -84.18681
20, Software Engineer, 39.70879, -84.06044
21, Lead Solution Analyst, 42.706043, -84.41758
22, IT Production Control Analyst, 41.23901, -81.43956
23, QA Automation Engineer, 44.04945, -123.08242
24, Junior Motivated Developer, 40.71154, -74.00549
25, Sr Supply Chain Proj Analyst, 45.104397, -93.2033
1, Web Analytics Internship, 34.104397, -117.8022
2, AnalystIT, 35.472527, -82.51649
3, IT Healthcare Operations Analyst, 42.252747, -71.0
4, FasTracks Public Information, 39.73901, -104.98351
5, Outreach Coordinator  Nashville TN, 36.164837, -86.78022
6, Software Engineer YouTube Entry Level, 37.62912, -122.40659
7, Software Developer Job, 33.447803, -112.07143
8, Analyst IT, 30.065933, -90.47802
9, Game Developer Lead, 43.087914, -77.51099
11, Product Owner  Development Center, 43.07143, -89.4011
12, Software Engineer, 47.56868, -122.21978
13, Software Engineer, 39.766483, -86.15385
14, Software Developer IT  Software, 38.252747, -85.75824
15, Software Developer IT  Software, 39.766483, -86.15385
16, IT LIAISONIL13 Appointed  TAX COMMISSIONERS OFFICE, 33.956043, -83.98351
17, PROGRAMMER, 36.173077, -115.13187
18, New Graduate IT Software Engineer Applications Development F, 39.758244, -84.18681
19, Software Engineer, 39.70879, -84.06044
20, Lead Solution Analyst, 42.706043, -84.41758
21, IT Production Control Analyst, 41.23901, -81.43956
22, QA Automation Engineer, 44.04945, -123.08242
23, Junior Motivated Developer, 40.71154, -74.00549
24, Sr Supply Chain Proj Analyst, 45.104397, -93.2033
25, Amazon Compensation and Talent Software Development Engineer, 47.604397, -122.32967
1, Web Analytics Internship, 34.104397, -117.8022
2, AnalystIT, 35.472527, -82.51649
3, IT Healthcare Operations Analyst, 42.252747, -71.0
4, FasTracks Public Information, 39.73901, -104.98351
5, Outreach Coordinator  Nashville TN, 36.164837, -86.78022
6, Software Engineer YouTube Entry Level, 37.62912, -122.40659
7, Software Developer Job, 33.447803, -112.07143
8, Analyst IT, 30.065933, -90.47802
9, Game Developer Lead, 43.087914, -77.51099
10, CASALHU14009 NET Developer  Redstone Arsenal AL, 34.728024, -86.58242
12, Product Owner  Development Center, 43.07143, -89.4011
13, Software Engineer, 47.56868, -122.21978
14, Software Engineer, 39.766483, -86.15385
15, Software Developer IT  Software, 38.252747, -85.75824
16, Software Developer IT  Software, 39.766483, -86.15385
17, IT LIAISONIL13 Appointed  TAX COMMISSIONERS OFFICE, 33.956043, -83.98351
18, PROGRAMMER, 36.173077, -115.13187
19, New Graduate IT Software Engineer Applications Development F, 39.758244, -84.18681
20, Software Engineer, 39.70879, -84.06044
21, Lead Solution Analyst, 42.706043, -84.41758
22, IT Production Control Analyst, 41.23901, -81.43956
23, QA Automation Engineer, 44.04945, -123.08242
24, Junior Motivated Developer, 40.71154, -74.00549
25, Sr Supply Chain Proj Analyst, 45.104397, -93.2033
1, Web Analytics Internship, 34.104397, -117.8022
2, AnalystIT, 35.472527, -82.51649
3, IT Healthcare Operations Analyst, 42.252747, -71.0
4, FasTracks Public Information, 39.73901, -104.98351
5, Outreach Coordinator  Nashville TN, 36.164837, -86.78022
6, Software Engineer YouTube Entry Level, 37.62912, -122.40659
7, Software Developer Job, 33.447803, -112.07143
8, Analyst IT, 30.065933, -90.47802
9, Game Developer Lead, 43.087914, -77.51099
10, CASALHU14009 NET Developer  Redstone Arsenal AL, 34.728024, -86.58242
12, Product Owner  Development Center, 43.07143, -89.4011
13, Software Engineer, 47.56868, -122.21978
14, Software Engineer, 39.766483, -86.15385
15, Software Developer IT  Software, 38.252747, -85.75824
16, Software Developer IT  Software, 39.766483, -86.15385
17, IT LIAISONIL13 Appointed  TAX COMMISSIONERS OFFICE, 33.956043, -83.98351
18, PROGRAMMER, 36.173077, -115.13187
19, New Graduate IT Software Engineer Applications Development F, 39.758244, -84.18681
20, Software Engineer, 39.70879, -84.06044
21, Lead Solution Analyst, 42.706043, -84.41758
22, IT Production Control Analyst, 41.23901, -81.43956
23, QA Automation Engineer, 44.04945, -123.08242
24, Junior Motivated Developer, 40.71154, -74.00549
25, Sr Supply Chain Proj Analyst, 45.104397, -93.2033
1, Web Analytics Internship, 34.104397, -117.8022
2, AnalystIT, 35.472527, -82.51649
3, IT Healthcare Operations Analyst, 42.252747, -71.0
4, FasTracks Public Information, 39.73901, -104.98351
5, Outreach Coordinator  Nashville TN, 36.164837, -86.78022
6, Software Engineer YouTube Entry Level, 37.62912, -122.40659
7, Software Developer Job, 33.447803, -112.07143
8, Analyst IT, 30.065933, -90.47802
9, Game Developer Lead, 43.087914, -77.51099
10, CASALHU14009 NET Developer  Redstone Arsenal AL, 34.728024, -86.58242
12, Product Owner  Development Center, 43.07143, -89.4011
13, Software Engineer, 47.56868, -122.21978
14, Software Engineer, 39.766483, -86.15385
15, Software Developer IT  Software, 38.252747, -85.75824
16, Software Developer IT  Software, 39.766483, -86.15385
17, IT LIAISONIL13 Appointed  TAX COMMISSIONERS OFFICE, 33.956043, -83.98351
18, PROGRAMMER, 36.173077, -115.13187
19, New Graduate IT Software Engineer Applications Development F, 39.758244, -84.18681
20, Software Engineer, 39.70879, -84.06044
21, Lead Solution Analyst, 42.706043, -84.41758
22, IT Production Control Analyst, 41.23901, -81.43956
23, QA Automation Engineer, 44.04945, -123.08242
24, Junior Motivated Developer, 40.71154, -74.00549
25, Sr Supply Chain Proj Analyst, 45.104397, -93.2033
1, Web Analytics Internship, 34.104397, -117.8022
2, AnalystIT, 35.472527, -82.51649
3, IT Healthcare Operations Analyst, 42.252747, -71.0
4, FasTracks Public Information, 39.73901, -104.98351
5, Outreach Coordinator  Nashville TN, 36.164837, -86.78022
6, Software Engineer YouTube Entry Level, 37.62912, -122.40659
7, Software Developer Job, 33.447803, -112.07143
8, Analyst IT, 30.065933, -90.47802
9, Game Developer Lead, 43.087914, -77.51099
11, Product Owner  Development Center, 43.07143, -89.4011
12, Software Engineer, 47.56868, -122.21978
13, Software Engineer, 39.766483, -86.15385
14, Software Developer IT  Software, 38.252747, -85.75824
15, Software Developer IT  Software, 39.766483, -86.15385
16, IT LIAISONIL13 Appointed  TAX COMMISSIONERS OFFICE, 33.956043, -83.98351
17, PROGRAMMER, 36.173077, -115.13187
18, New Graduate IT Software Engineer Applications Development F, 39.758244, -84.18681
19, Software Engineer, 39.70879, -84.06044
20, Lead Solution Analyst, 42.706043, -84.41758
21, IT Production Control Analyst, 41.23901, -81.43956
22, QA Automation Engineer, 44.04945, -123.08242
23, Junior Motivated Developer, 40.71154, -74.00549
24, Sr Supply Chain Proj Analyst, 45.104397, -93.2033
25, Amazon Compensation and Talent Software Development Engineer, 47.604397, -122.32967
1, Web Analytics Internship, 34.104397, -117.8022
2, AnalystIT, 35.472527, -82.51649
3, IT Healthcare Operations Analyst, 42.252747, -71.0
4, FasTracks Public Information, 39.73901, -104.98351
5, Outreach Coordinator  Nashville TN, 36.164837, -86.78022
6, Software Engineer YouTube Entry Level, 37.62912, -122.40659
7, Software Developer Job, 33.447803, -112.07143
8, Analyst IT, 30.065933, -90.47802
9, Game Developer Lead, 43.087914, -77.51099
10, CASALHU14009 NET Developer  Redstone Arsenal AL, 34.728024, -86.58242
12, Product Owner  Development Center, 43.07143, -89.4011
13, Software Engineer, 47.56868, -122.21978
14, Software Engineer, 39.766483, -86.15385
15, Software Developer IT  Software, 38.252747, -85.75824
16, Software Developer IT  Software, 39.766483, -86.15385
17, IT LIAISONIL13 Appointed  TAX COMMISSIONERS OFFICE, 33.956043, -83.98351
18, PROGRAMMER, 36.173077, -115.13187
19, New Graduate IT Software Engineer Applications Development F, 39.758244, -84.18681
20, Software Engineer, 39.70879, -84.06044
21, Lead Solution Analyst, 42.706043, -84.41758
22, IT Production Control Analyst, 41.23901, -81.43956
23, QA Automation Engineer, 44.04945, -123.08242
24, Junior Motivated Developer, 40.71154, -74.00549
25, Sr Supply Chain Proj Analyst, 45.104397, -93.2033
1, Web Analytics Internship, 34.104397, -117.8022
2, AnalystIT, 35.472527, -82.51649
3, IT Healthcare Operations Analyst, 42.252747, -71.0
4, FasTracks Public Information, 39.73901, -104.98351
5, Outreach Coordinator  Nashville TN, 36.164837, -86.78022
6, Software Engineer YouTube Entry Level, 37.62912, -122.40659
7, Software Developer Job, 33.447803, -112.07143
8, Analyst IT, 30.065933, -90.47802
9, Game Developer Lead, 43.087914, -77.51099
10, CASALHU14009 NET Developer  Redstone Arsenal AL, 34.728024, -86.58242
12, Product Owner  Development Center, 43.07143, -89.4011
13, Software Engineer, 47.56868, -122.21978
14, Software Engineer, 39.766483, -86.15385
15, Software Developer IT  Software, 38.252747, -85.75824
16, Software Developer IT  Software, 39.766483, -86.15385
17, IT LIAISONIL13 Appointed  TAX COMMISSIONERS OFFICE, 33.956043, -83.98351
18, PROGRAMMER, 36.173077, -115.13187
19, New Graduate IT Software Engineer Applications Development F, 39.758244, -84.18681
20, Software Engineer, 39.70879, -84.06044
21, Lead Solution Analyst, 42.706043, -84.41758
22, IT Production Control Analyst, 41.23901, -81.43956
23, QA Automation Engineer, 44.04945, -123.08242
24, Junior Motivated Developer, 40.71154, -74.00549
25, Sr Supply Chain Proj Analyst, 45.104397, -93.2033
1, Web Analytics Internship, 34.104397, -117.8022
2, AnalystIT, 35.472527, -82.51649
3, IT Healthcare Operations Analyst, 42.252747, -71.0
4, FasTracks Public Information, 39.73901, -104.98351
5, Outreach Coordinator  Nashville TN, 36.164837, -86.78022
6, Software Engineer YouTube Entry Level, 37.62912, -122.40659
7, Software Developer Job, 33.447803, -112.07143
8, Analyst IT, 30.065933, -90.47802
9, Game Developer Lead, 43.087914, -77.51099
10, CASALHU14009 NET Developer  Redstone Arsenal AL, 34.728024, -86.58242
12, Product Owner  Development Center, 43.07143, -89.4011
13, Software Engineer, 47.56868, -122.21978
14, Software Engineer, 39.766483, -86.15385
15, Software Developer IT  Software, 38.252747, -85.75824
16, Software Developer IT  Software, 39.766483, -86.15385
17, IT LIAISONIL13 Appointed  TAX COMMISSIONERS OFFICE, 33.956043, -83.98351
18, PROGRAMMER, 36.173077, -115.13187
19, New Graduate IT Software Engineer Applications Development F, 39.758244, -84.18681
20, Software Engineer, 39.70879, -84.06044
21, Lead Solution Analyst, 42.706043, -84.41758
22, IT Production Control Analyst, 41.23901, -81.43956
23, QA Automation Engineer, 44.04945, -123.08242
24, Junior Motivated Developer, 40.71154, -74.00549
25, Sr Supply Chain Proj Analyst, 45.104397, -93.2033
1, Web Analytics Internship, 34.104397, -117.8022
2, AnalystIT, 35.472527, -82.51649
3, IT Healthcare Operations Analyst, 42.252747, -71.0
4, FasTracks Public Information, 39.73901, -104.98351
5, Outreach Coordinator  Nashville TN, 36.164837, -86.78022
6, Software Engineer YouTube Entry Level, 37.62912, -122.40659
7, Software Developer Job, 33.447803, -112.07143
8, Analyst IT, 30.065933, -90.47802
9, Game Developer Lead, 43.087914, -77.51099
10, CASALHU14009 NET Developer  Redstone Arsenal AL, 34.728024, -86.58242
12, Product Owner  Development Center, 43.07143, -89.4011
13, Software Engineer, 47.56868, -122.21978
14, Software Engineer, 39.766483, -86.15385
15, Software Developer IT  Software, 38.252747, -85.75824
16, Software Developer IT  Software, 39.766483, -86.15385
17, IT LIAISONIL13 Appointed  TAX COMMISSIONERS OFFICE, 33.956043, -83.98351
18, PROGRAMMER, 36.173077, -115.13187
19, New Graduate IT Software Engineer Applications Development F, 39.758244, -84.18681
20, Software Engineer, 39.70879, -84.06044
21, Lead Solution Analyst, 42.706043, -84.41758
22, IT Production Control Analyst, 41.23901, -81.43956
23, QA Automation Engineer, 44.04945, -123.08242
24, Junior Motivated Developer, 40.71154, -74.00549
25, Sr Supply Chain Proj Analyst, 45.104397, -93.2033
1, Web Analytics Internship, 34.104397, -117.8022
2, AnalystIT, 35.472527, -82.51649
3, IT Healthcare Operations Analyst, 42.252747, -71.0
4, FasTracks Public Information, 39.73901, -104.98351
5, Outreach Coordinator  Nashville TN, 36.164837, -86.78022
6, Software Engineer YouTube Entry Level, 37.62912, -122.40659
7, Software Developer Job, 33.447803, -112.07143
8, Analyst IT, 30.065933, -90.47802
9, Game Developer Lead, 43.087914, -77.51099
10, CASALHU14009 NET Developer  Redstone Arsenal AL, 34.728024, -86.58242
12, Product Owner  Development Center, 43.07143, -89.4011
13, Software Engineer, 47.56868, -122.21978
14, Software Engineer, 39.766483, -86.15385
15, Software Developer IT  Software, 38.252747, -85.75824
16, Software Developer IT  Software, 39.766483, -86.15385
17, IT LIAISONIL13 Appointed  TAX COMMISSIONERS OFFICE, 33.956043, -83.98351
18, PROGRAMMER, 36.173077, -115.13187
19, New Graduate IT Software Engineer Applications Development F, 39.758244, -84.18681
20, Software Engineer, 39.70879, -84.06044
21, Lead Solution Analyst, 42.706043, -84.41758
22, IT Production Control Analyst, 41.23901, -81.43956
23, QA Automation Engineer, 44.04945, -123.08242
24, Junior Motivated Developer, 40.71154, -74.00549
25, Sr Supply Chain Proj Analyst, 45.104397, -93.2033
1, Web Analytics Internship, 34.104397, -117.8022
2, AnalystIT, 35.472527, -82.51649
3, IT Healthcare Operations Analyst, 42.252747, -71.0
4, FasTracks Public Information, 39.73901, -104.98351
5, Outreach Coordinator  Nashville TN, 36.164837, -86.78022
6, Software Engineer YouTube Entry Level, 37.62912, -122.40659
7, Software Developer Job, 33.447803, -112.07143
8, Analyst IT, 30.065933, -90.47802
9, Game Developer Lead, 43.087914, -77.51099
10, CASALHU14009 NET Developer  Redstone Arsenal AL, 34.728024, -86.58242
12, Product Owner  Development Center, 43.07143, -89.4011
13, Software Engineer, 47.56868, -122.21978
14, Software Engineer, 39.766483, -86.15385
15, Software Developer IT  Software, 38.252747, -85.75824
16, Software Developer IT  Software, 39.766483, -86.15385
17, IT LIAISONIL13 Appointed  TAX COMMISSIONERS OFFICE, 33.956043, -83.98351
18, PROGRAMMER, 36.173077, -115.13187
19, New Graduate IT Software Engineer Applications Development F, 39.758244, -84.18681
20, Software Engineer, 39.70879, -84.06044
21, Lead Solution Analyst, 42.706043, -84.41758
22, IT Production Control Analyst, 41.23901, -81.43956
23, QA Automation Engineer, 44.04945, -123.08242
24, Junior Motivated Developer, 40.71154, -74.00549
25, Sr Supply Chain Proj Analyst, 45.104397, -93.2033
1, Web Analytics Internship, 34.104397, -117.8022
2, AnalystIT, 35.472527, -82.51649
3, IT Healthcare Operations Analyst, 42.252747, -71.0
4, FasTracks Public Information, 39.73901, -104.98351
5, Outreach Coordinator  Nashville TN, 36.164837, -86.78022
6, Software Engineer YouTube Entry Level, 37.62912, -122.40659
7, Software Developer Job, 33.447803, -112.07143
8, Analyst IT, 30.065933, -90.47802
9, Game Developer Lead, 43.087914, -77.51099
10, CASALHU14009 NET Developer  Redstone Arsenal AL, 34.728024, -86.58242
12, Product Owner  Development Center, 43.07143, -89.4011
13, Software Engineer, 47.56868, -122.21978
14, Software Engineer, 39.766483, -86.15385
15, Software Developer IT  Software, 38.252747, -85.75824
16, Software Developer IT  Software, 39.766483, -86.15385
17, IT LIAISONIL13 Appointed  TAX COMMISSIONERS OFFICE, 33.956043, -83.98351
18, PROGRAMMER, 36.173077, -115.13187
19, New Graduate IT Software Engineer Applications Development F, 39.758244, -84.18681
20, Software Engineer, 39.70879, -84.06044
21, Lead Solution Analyst, 42.706043, -84.41758
22, IT Production Control Analyst, 41.23901, -81.43956
23, QA Automation Engineer, 44.04945, -123.08242
24, Junior Motivated Developer, 40.71154, -74.00549
25, Sr Supply Chain Proj Analyst, 45.104397, -93.2033
1, Web Analytics Internship, 34.104397, -117.8022
2, AnalystIT, 35.472527, -82.51649
3, IT Healthcare Operations Analyst, 42.252747, -71.0
4, FasTracks Public Information, 39.73901, -104.98351
5, Outreach Coordinator  Nashville TN, 36.164837, -86.78022
6, Software Engineer YouTube Entry Level, 37.62912, -122.40659
7, Software Developer Job, 33.447803, -112.07143
8, Analyst IT, 30.065933, -90.47802
9, Game Developer Lead, 43.087914, -77.51099
11, Product Owner  Development Center, 43.07143, -89.4011
12, Software Engineer, 47.56868, -122.21978
13, Software Engineer, 39.766483, -86.15385
14, Software Developer IT  Software, 38.252747, -85.75824
15, Software Developer IT  Software, 39.766483, -86.15385
16, IT LIAISONIL13 Appointed  TAX COMMISSIONERS OFFICE, 33.956043, -83.98351
17, PROGRAMMER, 36.173077, -115.13187
18, New Graduate IT Software Engineer Applications Development F, 39.758244, -84.18681
19, Software Engineer, 39.70879, -84.06044
20, Lead Solution Analyst, 42.706043, -84.41758
21, IT Production Control Analyst, 41.23901, -81.43956
22, QA Automation Engineer, 44.04945, -123.08242
23, Junior Motivated Developer, 40.71154, -74.00549
24, Sr Supply Chain Proj Analyst, 45.104397, -93.2033
25, Amazon Compensation and Talent Software Development Engineer, 47.604397, -122.32967
1, Web Analytics Internship, 34.104397, -117.8022
2, AnalystIT, 35.472527, -82.51649
3, IT Healthcare Operations Analyst, 42.252747, -71.0
4, FasTracks Public Information, 39.73901, -104.98351
5, Outreach Coordinator  Nashville TN, 36.164837, -86.78022
6, Software Engineer YouTube Entry Level, 37.62912, -122.40659
7, Software Developer Job, 33.447803, -112.07143
8, Analyst IT, 30.065933, -90.47802
9, Game Developer Lead, 43.087914, -77.51099
10, CASALHU14009 NET Developer  Redstone Arsenal AL, 34.728024, -86.58242
12, Product Owner  Development Center, 43.07143, -89.4011
13, Software Engineer, 47.56868, -122.21978
14, Software Engineer, 39.766483, -86.15385
15, Software Developer IT  Software, 38.252747, -85.75824
16, Software Developer IT  Software, 39.766483, -86.15385
17, IT LIAISONIL13 Appointed  TAX COMMISSIONERS OFFICE, 33.956043, -83.98351
18, PROGRAMMER, 36.173077, -115.13187
19, New Graduate IT Software Engineer Applications Development F, 39.758244, -84.18681
20, Software Engineer, 39.70879, -84.06044
21, Lead Solution Analyst, 42.706043, -84.41758
22, IT Production Control Analyst, 41.23901, -81.43956
23, QA Automation Engineer, 44.04945, -123.08242
24, Junior Motivated Developer, 40.71154, -74.00549
25, Sr Supply Chain Proj Analyst, 45.104397, -93.2033
1, Web Analytics Internship, 34.104397, -117.8022
2, AnalystIT, 35.472527, -82.51649
3, IT Healthcare Operations Analyst, 42.252747, -71.0
4, FasTracks Public Information, 39.73901, -104.98351
5, Outreach Coordinator  Nashville TN, 36.164837, -86.78022
6, Software Engineer YouTube Entry Level, 37.62912, -122.40659
7, Software Developer Job, 33.447803, -112.07143
8, Analyst IT, 30.065933, -90.47802
9, Game Developer Lead, 43.087914, -77.51099
10, CASALHU14009 NET Developer  Redstone Arsenal AL, 34.728024, -86.58242
12, Product Owner  Development Center, 43.07143, -89.4011
13, Software Engineer, 47.56868, -122.21978
14, Software Engineer, 39.766483, -86.15385
15, Software Developer IT  Software, 38.252747, -85.75824
16, Software Developer IT  Software, 39.766483, -86.15385
17, IT LIAISONIL13 Appointed  TAX COMMISSIONERS OFFICE, 33.956043, -83.98351
18, PROGRAMMER, 36.173077, -115.13187
19, New Graduate IT Software Engineer Applications Development F, 39.758244, -84.18681
20, Software Engineer, 39.70879, -84.06044
21, Lead Solution Analyst, 42.706043, -84.41758
22, IT Production Control Analyst, 41.23901, -81.43956
23, QA Automation Engineer, 44.04945, -123.08242
24, Junior Motivated Developer, 40.71154, -74.00549
25, Sr Supply Chain Proj Analyst, 45.104397, -93.2033
1, Web Analytics Internship, 34.104397, -117.8022
2, AnalystIT, 35.472527, -82.51649
3, IT Healthcare Operations Analyst, 42.252747, -71.0
4, FasTracks Public Information, 39.73901, -104.98351
5, Outreach Coordinator  Nashville TN, 36.164837, -86.78022
6, Software Engineer YouTube Entry Level, 37.62912, -122.40659
7, Software Developer Job, 33.447803, -112.07143
8, Analyst IT, 30.065933, -90.47802
9, Game Developer Lead, 43.087914, -77.51099
10, CASALHU14009 NET Developer  Redstone Arsenal AL, 34.728024, -86.58242
12, Product Owner  Development Center, 43.07143, -89.4011
13, Software Engineer, 47.56868, -122.21978
14, Software Engineer, 39.766483, -86.15385
15, Software Developer IT  Software, 38.252747, -85.75824
16, Software Developer IT  Software, 39.766483, -86.15385
17, IT LIAISONIL13 Appointed  TAX COMMISSIONERS OFFICE, 33.956043, -83.98351
18, PROGRAMMER, 36.173077, -115.13187
19, New Graduate IT Software Engineer Applications Development F, 39.758244, -84.18681
20, Software Engineer, 39.70879, -84.06044
21, Lead Solution Analyst, 42.706043, -84.41758
22, IT Production Control Analyst, 41.23901, -81.43956
23, QA Automation Engineer, 44.04945, -123.08242
24, Junior Motivated Developer, 40.71154, -74.00549
25, Sr Supply Chain Proj Analyst, 45.104397, -93.2033
1, Web Analytics Internship, 34.104397, -117.8022
2, AnalystIT, 35.472527, -82.51649
3, IT Healthcare Operations Analyst, 42.252747, -71.0
4, FasTracks Public Information, 39.73901, -104.98351
5, Outreach Coordinator  Nashville TN, 36.164837, -86.78022
6, Software Engineer YouTube Entry Level, 37.62912, -122.40659
7, Software Developer Job, 33.447803, -112.07143
8, Analyst IT, 30.065933, -90.47802
9, Game Developer Lead, 43.087914, -77.51099
10, CASALHU14009 NET Developer  Redstone Arsenal AL, 34.728024, -86.58242
12, Product Owner  Development Center, 43.07143, -89.4011
13, Software Engineer, 47.56868, -122.21978
14, Software Engineer, 39.766483, -86.15385
15, Software Developer IT  Software, 38.252747, -85.75824
16, Software Developer IT  Software, 39.766483, -86.15385
17, IT LIAISONIL13 Appointed  TAX COMMISSIONERS OFFICE, 33.956043, -83.98351
18, PROGRAMMER, 36.173077, -115.13187
19, New Graduate IT Software Engineer Applications Development F, 39.758244, -84.18681
20, Software Engineer, 39.70879, -84.06044
21, Lead Solution Analyst, 42.706043, -84.41758
22, IT Production Control Analyst, 41.23901, -81.43956
23, QA Automation Engineer, 44.04945, -123.08242
24, Junior Motivated Developer, 40.71154, -74.00549
25, Sr Supply Chain Proj Analyst, 45.104397, -93.2033
1, Web Analytics Internship, 34.104397, -117.8022
2, AnalystIT, 35.472527, -82.51649
3, IT Healthcare Operations Analyst, 42.252747, -71.0
4, FasTracks Public Information, 39.73901, -104.98351
5, Outreach Coordinator  Nashville TN, 36.164837, -86.78022
6, Software Engineer YouTube Entry Level, 37.62912, -122.40659
7, Software Developer Job, 33.447803, -112.07143
8, Analyst IT, 30.065933, -90.47802
9, Game Developer Lead, 43.087914, -77.51099
10, CASALHU14009 NET Developer  Redstone Arsenal AL, 34.728024, -86.58242
12, Product Owner  Development Center, 43.07143, -89.4011
13, Software Engineer, 47.56868, -122.21978
14, Software Engineer, 39.766483, -86.15385
15, Software Developer IT  Software, 38.252747, -85.75824
16, Software Developer IT  Software, 39.766483, -86.15385
17, IT LIAISONIL13 Appointed  TAX COMMISSIONERS OFFICE, 33.956043, -83.98351
18, PROGRAMMER, 36.173077, -115.13187
19, New Graduate IT Software Engineer Applications Development F, 39.758244, -84.18681
20, Software Engineer, 39.70879, -84.06044
21, Lead Solution Analyst, 42.706043, -84.41758
22, IT Production Control Analyst, 41.23901, -81.43956
23, QA Automation Engineer, 44.04945, -123.08242
24, Junior Motivated Developer, 40.71154, -74.00549
25, Sr Supply Chain Proj Analyst, 45.104397, -93.2033
1, Web Analytics Internship, 34.104397, -117.8022
2, AnalystIT, 35.472527, -82.51649
3, IT Healthcare Operations Analyst, 42.252747, -71.0
4, FasTracks Public Information, 39.73901, -104.98351
5, Outreach Coordinator  Nashville TN, 36.164837, -86.78022
6, Software Engineer YouTube Entry Level, 37.62912, -122.40659
7, Software Developer Job, 33.447803, -112.07143
8, Analyst IT, 30.065933, -90.47802
9, Game Developer Lead, 43.087914, -77.51099
10, CASALHU14009 NET Developer  Redstone Arsenal AL, 34.728024, -86.58242
12, Product Owner  Development Center, 43.07143, -89.4011
13, Software Engineer, 47.56868, -122.21978
14, Software Engineer, 39.766483, -86.15385
15, Software Developer IT  Software, 38.252747, -85.75824
16, Software Developer IT  Software, 39.766483, -86.15385
17, IT LIAISONIL13 Appointed  TAX COMMISSIONERS OFFICE, 33.956043, -83.98351
18, PROGRAMMER, 36.173077, -115.13187
19, New Graduate IT Software Engineer Applications Development F, 39.758244, -84.18681
20, Software Engineer, 39.70879, -84.06044
21, Lead Solution Analyst, 42.706043, -84.41758
22, IT Production Control Analyst, 41.23901, -81.43956
23, QA Automation Engineer, 44.04945, -123.08242
24, Junior Motivated Developer, 40.71154, -74.00549
25, Sr Supply Chain Proj Analyst, 45.104397, -93.2033
1, Web Analytics Internship, 34.104397, -117.8022
2, AnalystIT, 35.472527, -82.51649
3, IT Healthcare Operations Analyst, 42.252747, -71.0
4, FasTracks Public Information, 39.73901, -104.98351
5, Outreach Coordinator  Nashville TN, 36.164837, -86.78022
6, Software Engineer YouTube Entry Level, 37.62912, -122.40659
7, Software Developer Job, 33.447803, -112.07143
8, Analyst IT, 30.065933, -90.47802
9, Game Developer Lead, 43.087914, -77.51099
10, CASALHU14009 NET Developer  Redstone Arsenal AL, 34.728024, -86.58242
12, Product Owner  Development Center, 43.07143, -89.4011
13, Software Engineer, 47.56868, -122.21978
14, Software Engineer, 39.766483, -86.15385
15, Software Developer IT  Software, 38.252747, -85.75824
16, Software Developer IT  Software, 39.766483, -86.15385
17, IT LIAISONIL13 Appointed  TAX COMMISSIONERS OFFICE, 33.956043, -83.98351
18, PROGRAMMER, 36.173077, -115.13187
19, New Graduate IT Software Engineer Applications Development F, 39.758244, -84.18681
20, Software Engineer, 39.70879, -84.06044
21, Lead Solution Analyst, 42.706043, -84.41758
22, IT Production Control Analyst, 41.23901, -81.43956
23, QA Automation Engineer, 44.04945, -123.08242
24, Junior Motivated Developer, 40.71154, -74.00549
25, Sr Supply Chain Proj Analyst, 45.104397, -93.2033
1, Web Analytics Internship, 34.104397, -117.8022
2, AnalystIT, 35.472527, -82.51649
3, IT Healthcare Operations Analyst, 42.252747, -71.0
4, FasTracks Public Information, 39.73901, -104.98351
5, Outreach Coordinator  Nashville TN, 36.164837, -86.78022
6, Software Engineer YouTube Entry Level, 37.62912, -122.40659
7, Software Developer Job, 33.447803, -112.07143
8, Analyst IT, 30.065933, -90.47802
9, CASALHU14009 NET Developer  Redstone Arsenal AL, 34.728024, -86.58242
11, Product Owner  Development Center, 43.07143, -89.4011
12, Software Engineer, 47.56868, -122.21978
13, Software Engineer, 39.766483, -86.15385
14, Game Developer Lead, 43.087914, -77.51099
15, Software Developer IT  Software, 38.252747, -85.75824
16, Software Developer IT  Software, 39.766483, -86.15385
17, IT LIAISONIL13 Appointed  TAX COMMISSIONERS OFFICE, 33.956043, -83.98351
18, PROGRAMMER, 36.173077, -115.13187
19, New Graduate IT Software Engineer Applications Development F, 39.758244, -84.18681
20, Software Engineer, 39.70879, -84.06044
21, Lead Solution Analyst, 42.706043, -84.41758
22, IT Production Control Analyst, 41.23901, -81.43956
23, QA Automation Engineer, 44.04945, -123.08242
24, Junior Motivated Developer, 40.71154, -74.00549
25, Sr Supply Chain Proj Analyst, 45.104397, -93.2033
1, Web Analytics Internship, 34.104397, -117.8022
2, AnalystIT, 35.472527, -82.51649
3, IT Healthcare Operations Analyst, 42.252747, -71.0
4, FasTracks Public Information, 39.73901, -104.98351
5, Outreach Coordinator  Nashville TN, 36.164837, -86.78022
6, Software Engineer YouTube Entry Level, 37.62912, -122.40659
7, Software Developer Job, 33.447803, -112.07143
8, Analyst IT, 30.065933, -90.47802
9, CASALHU14009 NET Developer  Redstone Arsenal AL, 34.728024, -86.58242
11, Product Owner  Development Center, 43.07143, -89.4011
12, Software Engineer, 47.56868, -122.21978
13, Software Engineer, 39.766483, -86.15385
14, Game Developer Lead, 43.087914, -77.51099
15, Software Developer IT  Software, 38.252747, -85.75824
16, Software Developer IT  Software, 39.766483, -86.15385
17, IT LIAISONIL13 Appointed  TAX COMMISSIONERS OFFICE, 33.956043, -83.98351
18, PROGRAMMER, 36.173077, -115.13187
19, New Graduate IT Software Engineer Applications Development F, 39.758244, -84.18681
20, Software Engineer, 39.70879, -84.06044
21, Lead Solution Analyst, 42.706043, -84.41758
22, IT Production Control Analyst, 41.23901, -81.43956
23, QA Automation Engineer, 44.04945, -123.08242
24, Junior Motivated Developer, 40.71154, -74.00549
25, Sr Supply Chain Proj Analyst, 45.104397, -93.2033
1, Web Analytics Internship, 34.104397, -117.8022
2, AnalystIT, 35.472527, -82.51649
3, IT Healthcare Operations Analyst, 42.252747, -71.0
4, FasTracks Public Information, 39.73901, -104.98351
5, Outreach Coordinator  Nashville TN, 36.164837, -86.78022
6, Software Engineer YouTube Entry Level, 37.62912, -122.40659
7, Software Developer Job, 33.447803, -112.07143
8, Analyst IT, 30.065933, -90.47802
9, CASALHU14009 NET Developer  Redstone Arsenal AL, 34.728024, -86.58242
11, Product Owner  Development Center, 43.07143, -89.4011
12, Software Engineer, 47.56868, -122.21978
13, Software Engineer, 39.766483, -86.15385
14, Game Developer Lead, 43.087914, -77.51099
15, Software Developer IT  Software, 38.252747, -85.75824
16, Software Developer IT  Software, 39.766483, -86.15385
17, IT LIAISONIL13 Appointed  TAX COMMISSIONERS OFFICE, 33.956043, -83.98351
18, PROGRAMMER, 36.173077, -115.13187
19, New Graduate IT Software Engineer Applications Development F, 39.758244, -84.18681
20, Software Engineer, 39.70879, -84.06044
21, Lead Solution Analyst, 42.706043, -84.41758
22, IT Production Control Analyst, 41.23901, -81.43956
23, QA Automation Engineer, 44.04945, -123.08242
24, Junior Motivated Developer, 40.71154, -74.00549
25, Sr Supply Chain Proj Analyst, 45.104397, -93.2033
1, Web Analytics Internship, 34.104397, -117.8022
2, AnalystIT, 35.472527, -82.51649
3, IT Healthcare Operations Analyst, 42.252747, -71.0
4, FasTracks Public Information, 39.73901, -104.98351
5, Outreach Coordinator  Nashville TN, 36.164837, -86.78022
6, Software Engineer YouTube Entry Level, 37.62912, -122.40659
7, Software Developer Job, 33.447803, -112.07143
8, Analyst IT, 30.065933, -90.47802
10, Product Owner  Development Center, 43.07143, -89.4011
11, Software Engineer, 47.56868, -122.21978
12, Software Engineer, 39.766483, -86.15385
13, Game Developer Lead, 43.087914, -77.51099
14, Software Developer IT  Software, 38.252747, -85.75824
15, Software Developer IT  Software, 39.766483, -86.15385
16, IT LIAISONIL13 Appointed  TAX COMMISSIONERS OFFICE, 33.956043, -83.98351
17, PROGRAMMER, 36.173077, -115.13187
18, New Graduate IT Software Engineer Applications Development F, 39.758244, -84.18681
19, Software Engineer, 39.70879, -84.06044
20, Lead Solution Analyst, 42.706043, -84.41758
21, IT Production Control Analyst, 41.23901, -81.43956
22, QA Automation Engineer, 44.04945, -123.08242
23, Junior Motivated Developer, 40.71154, -74.00549
24, Sr Supply Chain Proj Analyst, 45.104397, -93.2033
25, Amazon Compensation and Talent Software Development Engineer, 47.604397, -122.32967
1, Web Analytics Internship, 34.104397, -117.8022
2, AnalystIT, 35.472527, -82.51649
3, IT Healthcare Operations Analyst, 42.252747, -71.0
4, FasTracks Public Information, 39.73901, -104.98351
5, Outreach Coordinator  Nashville TN, 36.164837, -86.78022
6, Software Engineer YouTube Entry Level, 37.62912, -122.40659
7, Software Developer Job, 33.447803, -112.07143
8, Analyst IT, 30.065933, -90.47802
9, CASALHU14009 NET Developer  Redstone Arsenal AL, 34.728024, -86.58242
11, Product Owner  Development Center, 43.07143, -89.4011
12, Software Engineer, 47.56868, -122.21978
13, Software Engineer, 39.766483, -86.15385
14, Game Developer Lead, 43.087914, -77.51099
15, Software Developer IT  Software, 38.252747, -85.75824
16, Software Developer IT  Software, 39.766483, -86.15385
17, IT LIAISONIL13 Appointed  TAX COMMISSIONERS OFFICE, 33.956043, -83.98351
18, PROGRAMMER, 36.173077, -115.13187
19, New Graduate IT Software Engineer Applications Development F, 39.758244, -84.18681
20, Software Engineer, 39.70879, -84.06044
21, Lead Solution Analyst, 42.706043, -84.41758
22, IT Production Control Analyst, 41.23901, -81.43956
23, QA Automation Engineer, 44.04945, -123.08242
24, Junior Motivated Developer, 40.71154, -74.00549
25, Sr Supply Chain Proj Analyst, 45.104397, -93.2033